链接,赞,转发,评论,时间,信息来源,内容概要,
http://m.weibo.com/2460997447/E6rFXreU5,3762,1048,447,09月02日 20:52,来自秒拍客户端,从小学一年级到大四毕业16年学生生涯经典语录120句！我就不信这些话你做学生时没说过！祝大家开学愉快喽～好好学习天天向上！学习是无止尽的！学习是令人愉快的...秒拍视频（使用#秒拍#录制）,
http://m.weibo.com/2460997447/EhxV4l6WJ,116,4,441,11月14日 20:59,来自pipa酱的iPhone 6s Plus,在评论里留下你的〖出生日期〗，看到有缘的就找ta聊聊！如果遇到同一天生日的，就互粉一个，以后过生日也不会孤单了，papi酱只能帮你们到这里了！,
http://m.weibo.com/2460997447/E2ukdeMSy,477,302,173,08月07日 20:15,来自pipa酱的iPhone 6s Plus,抓娃娃技巧，要不要尝试尝试[来 秒拍视频,
http://m.weibo.com/2460997447/EjdBCCcY7,499,27,92,11月25日 20:57,来自pipa酱的iPhone 6s Plus,你经历过绝望么？评论里告诉我！,
http://m.weibo.com/2460997447/EdTOt7GsX,1033,221,90,10月21日 21:22,来自pipa酱的iPhone 6s Plus,终于集齐了动物版：唐嫣、李易峰、孙红雷、周杰伦、张亮、林更新、王宝强、刘诺一、周冬雨……你们自己感受一下[doge,
http://m.weibo.com/2460997447/E4sVTacqN,328,135,87,08月20日 20:23,来自pipa酱的iPhone 6s Plus,左顾右盼的抓娃娃技巧，慎用啊[笑cry[doge 秒拍视频,
http://m.weibo.com/2460997447/EiUpV3xMi,579,23,76,11月23日 20:06,来自pipa酱的iPhone 6s Plus,友谊真的很简单，就是在你吃好吃的时候，心里想着对方，然后拍下来发给他[doge,
http://m.weibo.com/2460997447/Ei6QAq0G1,4346,6,75,11月18日 13:54,来自pipa酱的iPhone 6s Plus,正在看微博的这位童鞋，我看你气度不凡，谈吐间隐隐有王者之气，日后必有一番作为！下面有图有点赞，你顺手把她点了吧！,
http://m.weibo.com/2460997447/EiPyZkhxD,854,76,64,11月23日 07:44,来自pipa酱的iPhone 6s Plus,你本来过的很快乐，后来你学会了谈恋爱！,
http://m.weibo.com/2460997447/EcZAFbWXH,195,92,64,10月15日 22:14,来自pipa酱的iPhone 6s Plus,厉害了，我的姐！导游强制性消费，说的振振有词！ 秒拍视频,
http://m.weibo.com/2460997447/Eh5h8hq3i,321,77,63,11月11日 20:04,来自pipa酱的iPhone 6s Plus,你最想和谁走完这186元钱的旅行，评论告诉我！,
http://m.weibo.com/2460997447/EjG0ECCJn,417,10,51,11月28日 21:15,来自pipa酱的iPhone 6s Plus,杨幂泳装！美美哒！,
http://m.weibo.com/2460997447/E04yrrhMl,1271,248,51,07月22日 22:58,来自pipa酱的iPhone 6s Plus,吐槽系列――生活中那些令人一言难尽的事。旁友们，告诉我，有视频里这些情况的，绝对不止是我一个人―papi酱 秒拍视频,
http://m.weibo.com/2460997447/DvmmBbEZ4,148,17,51,05月13日 18:34,来自pipa酱的iPhone 6s Plus,告诉我，你们在学校都座哪里？,
http://m.weibo.com/2460997447/DEle2rfbb,427,122,48,07月11日 20:13,来自pipa酱的iPhone 6s Plus,毕业季，献给所有已经毕业和即将毕业的人―papi酱 秒拍视频,
http://m.weibo.com/2460997447/E5eqYEY0m,259,229,47,08月25日 21:19,来自秒拍客户端,第一次学做菜，可是怎么好像和电视里演的不一样啊!冷笑话精选的秒拍视频（使用#秒拍#录制）,
http://m.weibo.com/2460997447/DFRMRfECU,1041,53,45,07月21日 20:57,来自pipa酱的iPhone 6s Plus,现在，我们都能买得起充电5分钟的手机 ， 可再也找不到通话2小时的那个人―papi酱,
http://m.weibo.com/2460997447/Ei9Cd72mp,413,59,44,11月18日 20:57,来自pipa酱的iPhone 6s Plus,网红的自我修养[doge,
http://m.weibo.com/2460997447/E0vNHnn9c,487,140,44,07月25日 20:20,来自秒拍客户端,你会聊天么？反正我知道，有些人是真不会聊天―papi酱秒拍视频（使用#秒拍#录制）,
http://m.weibo.com/2460997447/E1vbQrAjm,364,30,43,08月01日 08:37,来自pipa酱的iPhone 6s Plus,抓娃娃，突然抓了个人头，故意的吧[笑cry 秒拍视频,
http://m.weibo.com/2460997447/DAcFY4ONz,166,28,42,06月14日 15:05,来自iPhone 6s Plus,身为北京人，首先素质要高，@北京人不知道的北京事儿 http://t.cn/RqIobjK,
http://m.weibo.com/2460997447/DB8XqsOds,305,79,41,06月20日 19:28,来自pipa酱的iPhone 6s Plus,自从《男人的谎言》视频播出之后，一直有人叫我拍“女人的谎言”，可是对不起，我们女人，从来都不撒谎的呀―papi酱 秒拍视频,
http://m.weibo.com/2460997447/EiTlQDmQU,422,21,39,11月23日 17:23,来自pipa酱的iPhone 6s Plus,如果你对目前的工作不太满意，觉得事业发展到了一个瓶颈，那么就去进修一个更高的学历吧，这样的话，毕业以后你就会明白，之前的失败跟学历似乎没什么关系！,
http://m.weibo.com/2460997447/EirDl1fjt,717,47,36,11月20日 18:49,来自pipa酱的iPhone 6s Plus,李荣浩给古巨基写了怪物，给薛之谦写了丑八怪，给自己写了模特[doge,
http://m.weibo.com/2460997447/Dz1Yco4RI,533,93,36,06月06日 22:00,来自iPhone 6s Plus,真正の学霸，到底是什么样的？本期视频偏冷，为你带来炎炎初夏中的一缕凉风（微笑脸）（诸位考生加油！不要紧张！也不要看书了！好好休息，养精蓄锐，为了之后的狂欢！！！（别刷微博了！到时候考卷上一堆“hhhhh”“233333”）―papi酱 秒拍视频,
http://m.weibo.com/2460997447/EjFA0gMqw,351,30,35,11月28日 20:10,来自pipa酱的iPhone 6s Plus,现在知道别人为什么迟迟才回你信息了吧！,
http://m.weibo.com/2460997447/EiGcdhyGP,465,16,35,11月22日 07:53,来自pipa酱的iPhone 6s Plus,降温了，我喜欢的人和喜欢我的人，记得添加衣服，不喜欢我的人，就不要穿衣服了[doge[doge[doge,
http://m.weibo.com/2460997447/E4a87wNmA,394,5,35,08月18日 20:31,来自pipa酱的iPhone 6s Plus,王宝强老婆怒揭出轨真相 #王宝强离婚# 王宝强老婆马蓉怒揭出轨真相！,
http://m.weibo.com/2460997447/E0XCrfDfO,511,20,35,07月28日 19:09,来自iPhone 6s Plus,钱自己花，酒自己喝，水自己提，事自己扛，然后发现一个人也没什么大不了―papi酱,
http://m.weibo.com/2460997447/DEJ5resB0,220,0,35,07月14日 08:57,来自pipa酱的iPhone 6s Plus,这是你们怎么看？说出你们的建议―papi酱,
http://m.weibo.com/2460997447/EkTGOFH0R,358,16,34,12月06日 21:55,来自pipa酱的iPhone 6s Plus,怎么形容一个女的漂亮？把你搁古代，你可以撑起一个青楼 [笑cry,
http://m.weibo.com/2460997447/Ej17P9x6M,466,17,34,11月24日 13:10,来自pipa酱的iPhone 6s Plus,科学证明：寒冷的环境可以使人变得年轻。小明的爷爷今年70多岁了，出门冻得跟孙子一样[doge,
http://m.weibo.com/2460997447/EhQJC9IzM,460,24,34,11月16日 20:53,来自pipa酱的iPhone 6s Plus,谈恋爱的最高境界是他把你当女儿养[doge,
http://m.weibo.com/2460997447/DFoKUdtHb,379,50,34,07月18日 19:02,来自pipa酱的iPhone 6s Plus,一个明星的自我修养，今天我们有幸采访到了著名歌手、演员，社会活动家、慈善家papi酱小姐，与她面对面聊聊公益与书籍 秒拍视频,
http://m.weibo.com/2460997447/DDJfAp533,597,10,34,07月07日 19:32,来自pipa酱的iPhone 6s Plus,一对情侣走过来问我万达酒店怎么走，我毫不犹豫的给他们指向了新华书店的方向，希望他们能在知识的海洋中找回自己，为中华民族的崛起而努力奋斗[doge―papi酱,
http://m.weibo.com/2460997447/EjvMLjH5k,307,19,32,11月27日 19:14,来自pipa酱的iPhone 6s Plus,这样真的好么[doge,
http://m.weibo.com/2460997447/E3xCUhyac,453,44,32,08月14日 18:30,来自pipa酱的iPhone 6s Plus,王宝强：愿你被这个世界温柔对待 #王宝强离婚#,
http://m.weibo.com/2460997447/E1Hj4xI4y,382,636,32,08月02日 15:28,来自pipa酱的iPhone 6s Plus,#里约奥运# 转发此条微博，你的微博名称后面就可以自动添加五星红旗哦！[中国[中国[中国中国加油,
http://m.weibo.com/2460997447/Ejmrdt9AM,355,9,31,11月26日 19:26,来自pipa酱的iPhone 6s Plus,小孩问富翁：叔叔为什么你这么有钱呢?富翁说：我给你讲个故事吧。很小的时候，我注意到楼下的矿泉水卖一块钱，而三站地外的篮球场上，要卖一块五。我拿着一个大书包，从楼下买水带到球场去卖，卖一块二。一个月我挣了十块钱。小孩说：我好像明白了。富翁说：你明白个屁。后来我爸死了，把钱留给我了！,
http://m.weibo.com/2460997447/E3HHnFb1Y,363,73,31,08月15日 20:08,来自秒拍客户端,那些离开了的人啊，我却从来没有忘记过。你呢？你还记得那个已经离开了的人么―papi酱秒拍视频（使用#秒拍#录制）,
http://m.weibo.com/2460997447/EijghdGrP,317,10,30,11月19日 21:30,来自pipa酱的iPhone 6s Plus,小时候我爱哭，妈妈就吓我：在哭警察叔叔把你带走！我一怕就不哭了，长大后我真喜欢上一警察，在一块六年，双方父母闹了六年，最终，他选择回归正常生活，跟别人去结婚了，他结婚那天，我呆坐在家门口，忽然想到什么，回头对妈笑着说：您说，我现在哭，警察叔叔会带我走么？我妈哭了！―来自网友的心情?全文,
http://m.weibo.com/2460997447/EhQkXio9T,244,36,30,11月16日 19:52,来自秒拍客户端,“papi酱的不定期放送――各位盆友们，上周五的双十一，你过得还好吗？告诉我，是谁成就了天猫？是谁成就了阿里巴巴？是谁成就了马云？？姆们！姆们！！姆们！papi酱的秒拍视频（使用#秒拍#录制）,
http://m.weibo.com/2460997447/EhHWx2qz1,150,15,30,11月15日 22:30,来自pipa酱的iPhone 6s Plus,截到几点今晚就几点钟睡！好不好？,
http://m.weibo.com/2460997447/EbVazus4t,1625,4,30,10月08日 21:08,来自pipa酱iPhone 6s Plus,papi酱的美照，喜欢的话猛赞吧[来,
http://m.weibo.com/2460997447/DElHUzYv5,269,5,30,07月11日 21:26,来自pipa酱的iPhone 6s Plus,我的直播开始了，快来看吧 一直播:papi酱正在直播,
http://m.weibo.com/2460997447/E3trQsrxd,290,60,29,08月14日 07:52,来自pipa酱的iPhone 6s Plus,交友不慎[笑cry这是有多大仇恨[doge 秒拍视频,
http://m.weibo.com/2460997447/E0dmp0Muq,812,80,29,07月23日 21:23,来自pipa酱的iPhone 6s Plus,分手后牢记四个字：不见、不贱，否则，感情的互虐，将轮回上演。那段疼痛的时光，只能独自忍受。不哀求，不自虐，你感动不了一个不爱你的人―papi酱,
http://m.weibo.com/2460997447/DDgE4baVT,243,28,29,07月04日 18:43,来自pipa酱的iPhone 6s Plus,没事别逛家具店，话说我最近在准备搬家，于是我和老胡到家具店去了一趟。我本来只想买一张桌子，但是这个世界，从来都不让你好过―papi酱 秒拍视频,
http://m.weibo.com/2460997447/EjD4DuFT1,368,61,28,11月28日 13:47,来自pipa酱的iPhone 6s Plus,心理学告诉我们：对一个人的好感最多存在四个月，超过了，那就是爱了！,
http://m.weibo.com/2460997447/EiBz8EG6K,479,41,28,11月21日 20:06,来自pipa酱的iPhone 6s Plus,每当你打算开始存钱，总有个声音对你说：对自己好点！,
http://m.weibo.com/2460997447/E7mpWhA0d,142,2,28,09月08日 21:19,来自pipa酱的iPhone 6s Plus,64G的竟然取消了！,
http://m.weibo.com/2460997447/E5UeoungJ,337,38,28,08月30日 07:43,来自pipa酱的iPhone 6s Plus,删掉的人可能曾经有过几百页畅谈的聊天记录，街上碰见了也不打招呼的人可能曾经也乐此不疲地整天腻在一起，背地里把你骂得像狗的人可能曾经是你最好的朋友。身边人总不断更替，一段关系有时候断得悄声无息，有时候却让人措手不及。其实人都差不多，新鲜感和热情消失得很快，有新欢有旧爱.,
http://m.weibo.com/2460997447/E3kL3nYb5,485,21,28,08月13日 09:44,来自pipa酱的iPhone 6s Plus,家驹去世了，你们才觉得欠他一张演唱会门票。 星爷不演了，你们才觉得欠他一张电影票。 科比退役了，你们才觉得应该去现场看一场比赛。 不要等我结婚了，你们才后悔没有找我表白，人生没有后悔药，只有早知道。 抓住机会，不给人生留下遗憾,
http://m.weibo.com/2460997447/DETFz3w32,413,11,28,07月15日 11:54,来自pipa酱的iPhone 6s Plus,今天去医院已被确诊为抑郁症，情绪进入低谷状态，变的腼腆自闭，焦虑不安。希望朋友们可以请我出去吃吃饭，看看电影，喝喝咖啡，旅旅游，爬爬山，开导开导我！说真的，我不想放弃治疗―papi酱,
http://m.weibo.com/2460997447/DEtEon7lr,494,6,28,07月12日 17:40,来自pipa酱的iPhone 6s Plus,我们不惹事，但也不怕事，我的心愿是：愿世界和平[祈祷,
http://m.weibo.com/2460997447/DD5ak371q,497,74,28,07月03日 13:29,来自pipa酱的iPhone 6s Plus,等我们老了，就过这样的生活―papi酱 等到我们老了，就想过这样的日子。,
http://m.weibo.com/2460997447/DCSYmvEy8,282,34,28,07月02日 06:27,来自pipa酱的iPhone 6s Plus,个人小剧场之――你有酱婶儿的盆友吗―papi酱 秒拍视频,
http://m.weibo.com/2460997447/Ei9hGqtoq,325,28,27,11月18日 20:06,来自pipa酱的iPhone 6s Plus,我是很会考虑别人感受的人，所以一般说话都不会让人难堪，如果哪次我说话让你不舒服了，别多想我就是故意的！,
http://m.weibo.com/2460997447/EelTlsOh5,184,56,27,10月24日 20:51,来自秒拍客户端,“papi酱的周一放送――所谓爱豆，那就是心灵的支柱，是前进的方向，是成长的楷模啊，是人生的灯塔，是照亮我生命的光啊！！！有个爱豆真是太好了！！！（祝爱豆周一&一周愉快！）papi酱的秒拍视频（使用#秒拍#录制）,
http://m.weibo.com/2460997447/E4LQ58DJV,223,40,27,08月22日 20:31,来自秒拍客户端,“papi酱的周一放送――英语已经成为现代中国人在日常生活中乐于并熟练运用的一种语言，今天就让我来教一下大家，英语+中文到底有哪些表现形式。（hope看完video之后的you也能像me一样...papi酱的秒拍视频（使用#秒拍#录制）,
http://m.weibo.com/2460997447/E2MFMcqrh,338,86,27,08月09日 18:58,来自秒拍客户端,暧昧中的男人对你说的话VS他实际的意思，凡是不以交往为目的的撩妹，都是犯罪！所以，你们还打算和暧昧的那个人过七夕么―papi酱秒拍视频（使用#秒拍#录制）,
http://m.weibo.com/2460997447/Dxl3X5b0J,663,22,27,05月26日 18:56,来自iPhone 6s Plus,你再优秀也会有人对你不屑一顾，你再不堪也会有人对你视若生命。所以牛逼时不要得得瑟，落魄时不要堕落―papi酱,
http://m.weibo.com/2460997447/DvPJugYkj,167,67,27,05月16日 21:20,来自pipa酱的iPhone 6s Plus,男人的谎言，一般来说男人是不是在撒谎，女人第一时间就能看出来。如果她当时没有戳穿你，她可能只是在给你面子―papi酱 秒拍视频,
http://m.weibo.com/2460997447/EjOUTzbZu,418,38,26,11月29日 19:56,来自pipa酱的iPhone 6s Plus,别指望减肥了，八戒走了十万八千里也没见瘦下来。而且，他还吃素！,
http://m.weibo.com/2460997447/Ej3o4hYE9,396,7,26,11月24日 18:56,来自pipa酱的iPhone 6s Plus,感恩节，这是心的约定！渐渐地这个日子不是一个欢聚的理由，它提醒着我们，再忙，再累，不要吝惜自己对爱的表达，去一个电话，说一句：感恩节，感谢有你！,
http://m.weibo.com/2460997447/EiwIyd06U,297,36,26,11月21日 07:46,来自pipa酱的iPhone 6s Plus,没有一点点防备，就这样出现，你永远搞不懂喵星人的神经[笑cry,
http://m.weibo.com/2460997447/EisszgTdT,454,15,26,11月20日 20:55,来自pipa酱的iPhone 6s Plus,每次砍价，只要能砍下来，我就觉得自己上当了！,
http://m.weibo.com/2460997447/E4QdTkDbf,322,7,26,08月23日 07:41,来自pipa酱的iPhone 6s Plus,有没有很性感的赶脚[doge萨摩为你展现优美妖娆的身姿[来,
http://m.weibo.com/2460997447/DDEfQl3xg,625,42,26,07月07日 06:49,来自pipa酱的iPhone 6s Plus,有些人不管是2g3g4g还是wifi在线，你和他说一百句，他也不会回你一句，有些人隐身你和他说一句他就会秒回你，这不是正应了一句话么，有的人活着他已经死了，有的人死了他还活着―papi酱,
http://m.weibo.com/2460997447/DDzpRcsy0,1128,51,26,07月06日 18:30,来自pipa酱的iPhone 6s Plus,湖南告急，安徽告急，湖北告急，江苏告急，多地自然灾害，这就是中国军人，用青春在报效祖国，抢险救灾、保护人民生命财产安全，保家卫国，捍卫国家尊严！让我们向这些最可爱的人，致敬―papi酱,
http://m.weibo.com/2460997447/DzKNuvQ5K,745,12,26,06月11日 16:07,来自iPhone 6s Plus,非主流强子惨遭女友抛弃，割腕自杀，妈妈抱着强子呜咽，老天爷啊，你太不公平，我是做了什么孽啊，你让我一个白发人送红、橙、黄、绿、蓝、靛、紫发人啊[眼泪―papi酱,
http://m.weibo.com/2460997447/DvsqQuF5S,539,30,26,05月14日 10:01,来自pipa酱的iPhone 6s Plus,恋爱中最心酸的事大概是：对方已经决定跟你分手了，只是还没想好充分的理由，而你却还在计划着两个人下一步―papi酱,
http://m.weibo.com/2460997447/EkhSIbCl4,431,36,25,12月02日 21:40,来自pipa酱的iPhone 6s Plus,很犀利的一句话：你备胎无数，你感情不断；并不是因为你很迷人，而是你廉价又百搭！,
http://m.weibo.com/2460997447/E1zQepTjH,329,44,25,08月01日 20:28,来自秒拍客户端,里约奥运会就要来啦，所有运动员要加油―papi酱秒拍视频（使用#秒拍#录制）,
http://m.weibo.com/2460997447/E1mNJbLZ7,357,89,25,07月31日 11:16,来自pipa酱的iPhone 6s Plus,熊孩子，吓一跳[笑cry 秒拍视频,
http://m.weibo.com/2460997447/EkAvPEIQ3,385,49,24,12月04日 21:06,来自pipa酱的iPhone 6s Plus,六年前出去吃饭、购物基本都是付现金[钱 三年前出去吃饭、购物基本都是刷卡?? 而现在出去吃饭、购物付款都是扫一扫[傻眼 这说明什么？ 这说明了，出门捡到钱的概率几乎为0！ 不干活谁也救不了你！ 除了努力你别无他法！,
http://m.weibo.com/2460997447/Ee3wg1Bu2,162,31,24,10月22日 22:04,来自秒拍客户端,“papi酱不定期更新的日常――网络是我的保护色，键盘是我的武器，我就是正义的化身，键盘侠！你要加入我的队伍吗？（希望所有的键盘侠都可以原地爆炸（周末愉快啦~papi酱的秒拍视频（使用#秒拍#录制）,
http://m.weibo.com/2460997447/E1T8C1RIl,498,31,24,08月03日 21:35,来自pipa酱的iPhone 6s Plus,不要把秘密告诉你的好朋友，因为好朋友也有好朋友―papi酱,
http://m.weibo.com/2460997447/DC3uVDsJk,311,16,24,06月26日 19:24,来自pipa酱的iPhone 6s Plus,最近有卖人体器官的，一定要提高警惕，少跟陌生人接触！就在刚才有人卖樱桃，我尝了几个，当我尝到第8个的时候，他问我：你要脸么？我没敢要，多吓人你说―papi酱,
http://m.weibo.com/2460997447/DzVu8kBym,266,6,24,06月12日 19:20,来自iPhone 6s Plus,一直很笨拙，能麻烦自己就不麻烦别人，绕了很多路。也不会取巧，就像从小就不会说好话去要想要的玩具。也没有什么牛逼的天分，有些事情笨拙到要做好几次才能做好，人最大的清醒就是认识到自己的局限性，只有这样才不会害怕一脚踏空才能找到属于自己的活法―papi酱,
http://m.weibo.com/2460997447/EeOfAEZUL,2882,22,23,10月27日 21:03,来自pipa酱的iPhone 6s Plus,恋爱不成功，只有一门心思想着发财了，点赞的人今年年底财运丰厚[doge,
http://m.weibo.com/2460997447/E8q4f2vfx,198,20,23,09月15日 20:27,来自秒拍客户端,我，一个大写的，不爱吃月饼。却在中秋前夕，被办公室小伙伴拖住，逼我吃、月、饼……好难吃……我要把办公室这群人都炸了……（月饼还是要吃鲜肉的！祝大家中秋节快乐哦秒拍视频（使用#秒拍#录制）,
http://m.weibo.com/2460997447/E4ZclyFIN,323,0,23,08月24日 06:32,来自pipa酱的iPhone 6s Plus,早安[微笑,
http://m.weibo.com/2460997447/E0FqR4Te6,412,16,23,07月26日 20:51,来自pipa酱的iPhone 6s Plus,有些年轻人，一毕业就到某些大型国企和政府机关中工作。每天没什么事儿，就是吃饭喝酒，福利好得不得了。人生还没有奋斗过就开始养老，自己的理想被丢在一旁，用民脂民膏来享受特权。对于这样的年轻人，我只想问你们四个字：哪投简历？―papi酱,
http://m.weibo.com/2460997447/DEXDklbzn,551,1,23,07月15日 21:59,来自pipa酱的iPhone 6s Plus,我想我太倔强了，明明靠脸生活就行，偏偏要靠才华―papi酱,
http://m.weibo.com/2460997447/DEIQlpY6d,371,1,23,07月14日 08:20,来自pipa酱的iPhone 6s Plus,本人目前有一思构想，如果目前你们有什么需要：吐槽，情感，家事，工作中的烦恼，现实中的困扰，需要找人倾诉、安慰，可以用备忘录的方式截图发给我，让网友来给你揭开心中的不高兴，不快乐，可以匿名发给我，目前只是初步，谢谢大家的配合―请叫我中国吐槽君。,
http://m.weibo.com/2460997447/DAHnpE0ha,294,45,23,06月17日 21:15,来自pipa酱的iPhone 6s Plus,我发表了头条文章:《别人为什么愿意跟你相处？》 别人为什么愿意跟你相处？,
http://m.weibo.com/2460997447/EfxZC4oFt,196,45,22,11月01日 17:29,来自pipa酱的iPhone 6s Plus,一坨屎的爱情[笑cry[doge,
http://m.weibo.com/2460997447/E0Epx6mzO,347,9,22,07月26日 18:15,来自pipa酱的iPhone 6s Plus,别人的乐趣是旅行，购物，谈恋爱。我们的乐趣是在微博上看完别人旅行，购物，秀恩爱；再到微信上看别人旅行，购物，秀恩爱―papi酱,
http://m.weibo.com/2460997447/DA5pk8gKU,210,21,22,06月13日 20:35,来自iPhone 6s Plus,我把《魔兽》给看了！！！本期视频，来自一个资深魔兽玩家，（电影没什么可黑的，我觉得挺好看（主要是现场气氛太感人，一群大老爷们在电影院里or外惺惺相惜传递眼神基情四射（而且讲道理，麦迪文那么帅，黑不起来―papi酱 秒拍视频,
http://m.weibo.com/2460997447/EhWEApBTM,303,4,21,11月17日 11:57,来自pipa酱的iPhone 6s Plus,匆匆忙忙终于充上电，开机以后才发现，然而她并没有回复你！,
http://m.weibo.com/2460997447/EdKV2m3uX,179,4,21,10月20日 22:43,来自pipa酱的iPhone 6s Plus,看图来,
http://m.weibo.com/2460997447/E54ENjjDt,232,132,21,08月24日 20:26,来自pipa酱的iPhone 6s Plus,解说员太魔性了[doge 秒拍视频,
http://m.weibo.com/2460997447/E2lEtrYRy,279,33,21,08月06日 22:10,来自秒拍客户端,玩得开心就好，不在乎成绩秒拍视频（使用#秒拍#录制）,
http://m.weibo.com/2460997447/DuCEg5d3Z,212,33,21,05月08日 22:11,来自pipa酱的iPhone 6s Plus,你们的妈妈对你们说过这些话吗？讲真，我一直觉得，全天下的妈妈，都是一个妈生的。祝所有妈妈们母亲节快乐??！（别只有今天才想起来你有个妈（重要提醒――明天不更新。为什么？因为挪到今天了啊。哈哈哈哈哈祝你们明天上班愉快啦―papi酱 秒拍视频,
http://m.weibo.com/2460997447/E3ORb3x92,409,51,20,08月16日 14:22,来自pipa酱的iPhone 6s Plus,今天北京机场，傅园慧一直伸手想要孙杨怀里的玩偶，大白杨死活不给。傅园慧：我帮你拿一下吧，孙杨：不用了不用了。 然后傅园慧就这么一直眼巴巴的盯着…太可爱了[doge@孙杨 @傅园慧o_O 秒拍视频,
http://m.weibo.com/2460997447/E3fwp4ZHY,571,32,20,08月12日 20:24,来自pipa酱的iPhone 6s Plus,不要总说国产的东西不行，不好用，比如这个东西，我感觉很好，我一直在用，唯一的缺点就是老断货…,
http://m.weibo.com/2460997447/DFHiQwx0i,379,20,20,07月20日 18:15,来自pipa酱的iPhone 6s Plus,最温馨的一段高考寄语！ 送给所有今年参加高考的童鞋―papi酱,
http://m.weibo.com/2460997447/DEEn5bI9D,316,21,20,07月13日 20:57,来自pipa酱的iPhone 6s Plus,谁规定，必须要锥子脸瘦成白骨精才是美女，亲爱的女孩，你的肉肉脸也很可爱，有一句话说得好，微胖是最好的身材，减肥这事说说就好，健康的身体比什么都来得重要，更何况，如果一个人真的爱你，他不会要求你有小蛮腰，而是会在你嚷嚷要减肥时叫你多吃点―papi酱,
http://m.weibo.com/2460997447/DCwor5Wm7,416,10,20,06月29日 20:58,来自pipa酱的iPhone 6s Plus,人的想法是会变的，比如以前我想致富，现在只想脱贫―papi酱,
http://m.weibo.com/2460997447/E7OhViEY6,244,17,19,09月11日 20:16,来自pipa酱的iPhone 6s Plus,上班吃外卖真的对身体特别不好，首先，外卖的食材大多不新鲜，不新鲜就会用各种酸，辣，味精，盐等调料来掩盖。吃多了，味觉会退化，你吃东西会越来越重口味，给肠胃和肾脏都会带来很重的负担，久而久之消化系统也会受损。 综上，我想郑重告诫各位朋友，珍爱生命，不要上班。,
http://m.weibo.com/2460997447/E7FAKjZC1,363,14,19,09月10日 22:08,来自pipa酱的iPhone 6s Plus,iphone7上市了，别忘了南海仲裁那天吹下的牛逼！,
http://m.weibo.com/2460997447/E5xcbiM8X,254,29,19,08月27日 21:05,来自秒拍客户端,北！京！话！好！难！讲！papi酱的秒拍视频（使用#秒拍#录制）,
http://m.weibo.com/2460997447/DDlfkAbdK,179,58,19,07月05日 06:26,来自pipa酱的iPhone 6s Plus,以假乱真的苹果手机，大家购买手机需谨慎。 秒拍视频,
http://m.weibo.com/2460997447/ElkLl6czZ,254,36,18,12月09日 18:50,来自秒拍客户端,papi酱的放送――身体不好是一种怎样的体验？希望你们永远都不会有这样的体验。相信我，这个世界上没有比健康更重要的事。（这周全国大降温啦，大家都要注意身体啊！）papi酱的秒拍视频（使用#秒拍#录制）,
http://m.weibo.com/2460997447/EkqYyDeqq,413,24,18,12月03日 20:49,来自pipa酱的iPhone 6s Plus,女人得意的是，不是她拒绝过多少男人！而是有个男人为她拒绝过多少女人！,
http://m.weibo.com/2460997447/Ei06fk45U,362,1,18,11月17日 20:43,来自pipa酱的iPhone 6s Plus,一提到钱，大家都就不是那么亲热了！！！,
http://m.weibo.com/2460997447/EhUOI01xm,277,18,18,11月17日 07:16,来自pipa酱的iPhone 6s Plus,能在一起的时候，别太在意将来是否能长相厮守，将来的事谁都说不准，此时此刻，我有你，你有我，就够了！,
http://m.weibo.com/2460997447/E2qfSsGHn,580,25,18,08月07日 09:54,来自pipa酱的iPhone 6s Plus,比赛完毕，孙杨哭了，让我们一起为孙杨加油，永远是冠军 秒拍视频,
http://m.weibo.com/2460997447/E1pz75soY,479,22,18,07月31日 18:18,来自pipa酱的iPhone 6s Plus,不要向任何人诉苦，因为20%的人不关心，剩下的80%听到后很高兴―papi酱,
http://m.weibo.com/2460997447/E17tE1Fpj,462,17,18,07月29日 20:15,来自pipa酱的iPhone 6s Plus,手机存在的意义不是帮人脱单，而是让人更加适应单身生活―papi酱,
http://m.weibo.com/2460997447/E0mOG3Ocd,505,17,18,07月24日 21:28,来自pipa酱的iPhone 6s Plus,现在都喊自己丑，一爆照美成狗。都说自己是学渣，却把考试虐成渣。整日叹息乐感差，唱起K来成麦霸。喜欢嘲讽自己穷活得不自在，喝起酸奶盖都不舔。人生已如此艰难，就不要再装了―papi酱,
http://m.weibo.com/2460997447/DD6Ii0MhS,190,9,18,07月03日 17:26,来自pipa酱的iPhone 6s Plus,我通宵把权力的游戏这一季看完了！本期视频为观看时的反应，非观后感―papi酱 秒拍视频,
http://m.weibo.com/2460997447/E6ASwyV20,256,6,17,09月03日 20:18,来自pipa酱的iPhone 6s Plus,这几天不要跟我晒什么曼谷、东京、巴黎、纽约的，都太Low了，你真牛逼给我西湖划个船看看!,
http://m.weibo.com/2460997447/E5Z4k7hhk,221,17,17,08月30日 20:02,来自pipa酱的iPhone 6s Plus,好像很有道理的样子，我准备砍柴去了。,
http://m.weibo.com/2460997447/E5B0QiNSm,394,60,17,08月28日 06:48,来自pipa酱的iPhone 6s Plus,以前他们在东京打怪兽，现在却在天朝送外卖,
http://m.weibo.com/2460997447/E4iUH1EqT,341,1,17,08月19日 18:53,来自pipa酱的iPhone 6s Plus,别欺负一个老实人，因为你永远不知道他的背后，有多少个人在为他撑腰！,
http://m.weibo.com/2460997447/DF5SOxbqZ,429,35,17,07月16日 18:59,来自pipa酱的iPhone 6s Plus,遇到喜欢的人一定要表白，你丑没关系，万一他瞎呢―papi酱,
http://m.weibo.com/2460997447/DCcJhfSKt,262,31,17,06月27日 18:54,来自pipa酱的iPhone 6s Plus,我们不熟，所以我是高冷；我们认识，所以我是暖神；我想和你熟，所以我是逗比；我们太熟，所以我是蛇精病―papi酱,
http://m.weibo.com/2460997447/DzaI92Xoh,240,22,17,06月07日 20:15,来自iPhone 6s Plus,最合适的两个人，不是在一开始就一拍即合，而是愿意在未来漫长的岁月里，为了彼此而变成更好的两个人。这个世界上原本就不存在天造地设的一双，只有付诸努力成为越来越适合彼此的对方―papi酱,
http://m.weibo.com/2460997447/Dy1LAy1ko,175,28,17,05月31日 07:39,来自iPhone 6s Plus,提前祝大家六一节日快乐哦―papi酱 秒拍视频,
http://m.weibo.com/2460997447/EhZAOhH6n,398,1,16,11月17日 19:26,来自pipa酱的iPhone 6s Plus,马蓉发微博说：多关注奥运健儿，结果林丹出轨赵雅淇，林丹回应：对不起妻子谢杏芳后，赵雅淇发朋友圈：谢谢大家关心；这是妇唱夫随的节奏[偷笑,
http://m.weibo.com/2460997447/Ehf3suaAS,309,18,16,11月12日 20:57,来自pipa酱的iPhone 6s Plus,山无棱，天地合，说多了都是泪[doge,
http://m.weibo.com/2460997447/EgaXp6Wrr,148,36,16,11月05日 20:41,来自秒拍客户端,“papi酱的不定期放送―为什么你的女盆友不喜欢你玩游戏？做一个“游戏寡妇”到底是一种怎样的体验？本期视频均取材自真实事件，游戏寡妇的心路历程总是惊人的相似，请各位用心感受！papi酱的秒拍视频（使用#秒拍#录制）,
http://m.weibo.com/2460997447/EcPFzh3rt,89,0,16,10月14日 20:59,来自pipa酱的iPhone 6s Plus,#逛街遇到李易峰#逛街遇到@李易峰[doge ，你最想对他说什么？评论里告诉我，选中后，我可以告诉他哦[来,
http://m.weibo.com/2460997447/E7XSrjfQS,173,15,16,09月12日 20:41,来自pipa酱的iPhone 6s Plus,这是一个励志的故事！,
http://m.weibo.com/2460997447/E7F59slKN,326,23,16,09月10日 20:50,来自pipa酱的iPhone 6s Plus,这社会，女的照胸，男的照车，谁知道胸是不是挤的，车是不是你的。这年头，有纹身的都怕热，用苹果的都没兜，带手表的爱拍腿，镶金牙的爱咧嘴。现如今，没结婚的像结婚的一样同居，结婚的像没结婚的一样分居。动物像人一样穿衣服，人像动物一样露着肉。,
http://m.weibo.com/2460997447/E7daBrUI0,224,8,16,09月07日 21:46,来自pipa酱的iPhone 6s Plus,总觉得，床吧，铺的太整齐，会有点安度晚年的意思，嗯，还是凌乱些，比较有朝气！,
http://m.weibo.com/2460997447/E73k40S5V,178,28,16,09月06日 20:42,来自秒拍客户端,大家还记得我前一阵出国去玩了一趟吧？我由此得出了一个经验教训：出国玩，不要让任何人知道~秒拍视频（使用#秒拍#录制）,
http://m.weibo.com/2460997447/E6isTxpDM,222,8,16,09月01日 21:25,来自pipa酱的iPhone 6s Plus,你要早点睡，别熬夜玩手机，对手机不好。,
http://m.weibo.com/2460997447/E5mqHo82M,230,10,16,08月26日 17:40,来自pipa酱的iPhone 6s Plus,明明你可以活的很开心的，偏偏你要学别人去谈恋爱。,
http://m.weibo.com/2460997447/E3oQiFzFB,343,36,16,08月13日 20:08,来自pipa酱的iPhone 6s Plus,因为在乎，所以敏感,
http://m.weibo.com/2460997447/E21TH2mKb,361,15,16,08月04日 19:53,来自pipa酱的iPhone 6s Plus,专家称：眼睛千万不要连续对着手机太久，那样手机会没电―papi酱,
http://m.weibo.com/2460997447/E0YGRbozO,489,68,16,07月28日 21:53,来自iPhone 6s Plus,少壮不努力，长大玩手机。春眠不觉晓，醒来玩手机。举头望明月，低头玩手机。商女不知亡国恨，一天到晚玩手机。夜夜思君不见君，还得埋头玩手机。亲朋好友如相问，就说我在玩手机。待到山花烂漫时，我在丛中玩手机。问君能有几多愁，恰似一天到晚没完没了玩手机―papi酱,
http://m.weibo.com/2460997447/E0P65vBUj,473,15,16,07月27日 21:28,来自pipa酱的iPhone 6s Plus,知道为什么多数手机的前置摄像头像素都不高吗，因为不想让你丑得太明显[笑cry―papi酱,
http://m.weibo.com/2460997447/DFD0sBiSo,406,47,16,07月20日 07:19,来自pipa酱的iPhone 6s Plus,我们发状态传照片，不是为了告诉谁，我吃什么了，做什么了，和谁在一起，更不是要得瑟给谁看。而是有一天自己真的老了，搬着凳子无事可做晒太阳的时候，能拿出自己的流水式日记看一看，回忆一下那年那月，和朋友在一起的点点滴滴，自己年轻时的容颜，证明这个世界我来过，而且活的真实而精彩―papi酱,
http://m.weibo.com/2460997447/DBBgqEOPO,431,33,16,06月23日 19:32,来自pipa酱的iPhone 6s Plus,有多少人故意赌气关掉手机，忍不住打开后，发现什么也没有。自作多情以为自己在他心里有多重要， 到最后才发现自己原来是个笑话―papi酱,
http://m.weibo.com/2460997447/Ek8B3pEEg,385,7,15,12月01日 22:02,来自pipa酱的iPhone 6s Plus,你好，12月！2016年最后一个月，愿所有人梦想成真。,
http://m.weibo.com/2460997447/EjYUcaMww,330,16,15,11月30日 21:22,来自pipa酱的iPhone 6s Plus,你一定要早点睡，因为：,
http://m.weibo.com/2460997447/EcKoo4jUi,240,15,15,10月14日 07:33,来自pipa酱的iPhone 6s Plus,当你不小心打开了前置摄像头[doge,
http://m.weibo.com/2460997447/E9upOiSIj,246,22,15,09月22日 21:21,来自pipa酱的iPhone 6s Plus,我真的很需要一个人在我身边，就是那种天天带我学习，张嘴闭嘴就是要考证，约我出去都是要到图书馆学习，看我不学习反手就给我一巴掌的、引领我走向人生巅峰的那种人！,
http://m.weibo.com/2460997447/E9ueL4vM5,193,5,15,09月22日 20:54,来自pipa酱的iPhone 6s Plus,根本无心工作，只想尽快为祖国母亲庆生！,
http://m.weibo.com/2460997447/E4GYDxYWv,410,7,15,08月22日 08:08,来自pipa酱的iPhone 6s Plus,女排冠军金牌，美不美。,
http://m.weibo.com/2460997447/E4CjYubYW,320,32,15,08月21日 20:17,来自pipa酱的iPhone 6s Plus,你备胎无数，感情不断，并不是因为你很迷人，而是因为你廉价又百搭。,
http://m.weibo.com/2460997447/E4nFgxAJJ,238,47,15,08月20日 06:59,来自秒拍客户端,“叙利亚5岁男童空袭中死里逃生 他的眼神刺痛了世界”愿叙利亚没有眼泪，愿世界和平秒拍视频（使用#秒拍#录制）,
http://m.weibo.com/2460997447/E3LGp5VI8,374,18,15,08月16日 06:17,来自pipa酱的iPhone 6s Plus,每当有人凶我的时候，我就觉得这人有毛病。这么可爱的我居然还能发脾气！真是无语―早安！,
http://m.weibo.com/2460997447/E03y4m2SH,293,19,15,07月22日 20:25,来自pipa酱的iPhone 6s Plus,下决心减肥坚持不到一礼拜就放弃了，保证不迟到第二天依旧睡过头，答应自己要对自己好一点，可抽烟熬夜乱吃东西什么也没改，说好要忘了他不再想起，可难过起来心里还是一样揪着地痛。人最没用的，莫过于对自己不负责，连答应自己的事都办不到，却还总抱怨全世界都在欺骗你―papi酱,
http://m.weibo.com/2460997447/DEpvmtSWN,370,7,15,07月12日 07:06,来自pipa酱的iPhone 6s Plus,非常讨厌那种坐在一起吃东西还要玩手机的人，他们根本不能理解我们这种手机没电又找不到人说话时的尴尬―papi酱,
http://m.weibo.com/2460997447/DwZ7Witoe,178,36,15,05月24日 11:05,来自pipa酱的iPhone 6s Plus,张总教你做综艺。张总系列第二弹―papi酱 秒拍视频,
http://m.weibo.com/2460997447/El2YOD3CA,314,33,14,12月07日 21:34,来自pipa酱的iPhone 6s Plus,要么找个让你衣食无忧的，要么找个一心一意爱你到骨子里的，不然一个人好好的，干嘛要学人家谈恋爱，是酒不好喝还是手机不好玩！,
http://m.weibo.com/2460997447/EhWiQFVmH,394,29,14,11月17日 11:03,来自pipa酱的iPhone 6s Plus,其实根本没有高冷的人，只是人家暖的不是你[doge,
http://m.weibo.com/2460997447/EhNwRddyk,187,4,14,11月16日 12:43,来自pipa酱的iPhone 6s Plus,川普70岁还在追求梦想，这给了我们很大的启发：我们还年轻，不着急追求梦想！,
http://m.weibo.com/2460997447/EhHpYtXYa,229,21,14,11月15日 21:10,来自pipa酱的iPhone 6s Plus,什么是暖男，只暖一个女人的男人，才是暖男！暖很多女人的男人，那是烧锅炉的！,
http://m.weibo.com/2460997447/EgW7E4owB,150,6,14,11月10日 20:46,来自pipa酱的iPhone 6s Plus,双11，你不买东西也是没钱，买了东西也是没钱，那就说明买东西它不要钱啊，不要钱为什么不买！,
http://m.weibo.com/2460997447/Egkqn1TVI,191,15,14,11月06日 20:47,来自pipa酱的iPhone 6s Plus,有什么不开心的呢，明天该上班的上班，该读书的读书，还是一样啊，是你的自然不会走，该来的也挡不住，心急吃不了热豆腐，很多事要去做，会越来越好，真的！,
http://m.weibo.com/2460997447/Eg1hZDiI9,273,13,14,11月04日 20:04,来自pipa酱的iPhone 6s Plus,没毛病[doge,
http://m.weibo.com/2460997447/E68A3tOSM,179,11,14,08月31日 20:15,来自pipa酱的iPhone 6s Plus,呵呵，这个词只有一个用处，用来以最大的效果激怒对方，践踏对方全部的热情，撕碎对方的灵魂。,
http://m.weibo.com/2460997447/E3O1NiUA2,240,3,14,08月16日 12:15,来自pipa酱的iPhone 6s Plus,约别人就约，别模棱两可的问句：你去么？就好像你来我家，快吃饭的时候，我问你：要不在这儿吃？ 你是吃还是不吃？,
http://m.weibo.com/2460997447/E2RGJwqQ9,399,1,14,08月10日 07:44,来自pipa酱的iPhone 6s Plus,上帝对每个人都是公正的，他让你过了光棍节就不会让你过七夕节―早安,
http://m.weibo.com/2460997447/E1ujcpXcF,380,6,14,08月01日 06:23,来自pipa酱的iPhone 6s Plus,没有大笑的一天， 等于浪费了一天―papi酱,
http://m.weibo.com/2460997447/DENCMrJ36,237,4,14,07月14日 20:30,来自pipa酱的iPhone 6s Plus,很多朋友喜欢分享旅游经验，看着他们把钱花光出去走一趟，回来后生活没有任何改变，我就感到放心了―papi酱,
http://m.weibo.com/2460997447/DEK8YgV8x,391,23,14,07月14日 11:39,来自pipa酱的iPhone 6s Plus,周杰伦说爱情就像龙卷风，其实我认为这个比喻是很贴切的，因为很多人都和我一样，一辈子也见不到一次龙卷风―papi酱,
http://m.weibo.com/2460997447/DvZiu451m,194,25,14,05月17日 21:41,来自pipa酱的iPhone 6s Plus,连拎个包都嫌重的姑娘，男人缘一般都很好；换桶水都自己上的女人，一般都是哥们多。为什么没人爱你，不是因为你不够好，而是因为你会的太多―papi酱,
http://m.weibo.com/2460997447/EhbiaacHR,222,3,13,11月12日 11:23,来自pipa酱的iPhone 6s Plus,干啥啥不行，吃啥啥不剩[笑cry,
http://m.weibo.com/2460997447/Ef6V6cDfz,190,19,13,10月29日 20:34,来自秒拍客户端,“papi酱不定期更新的日常――你们有没有发现，很多人对中国人和外国人的标准，完！全！不！一！样！请各位拒做双标狗！一视同仁（周末愉快噜～papi酱的秒拍视频（使用#秒拍#录制）,
http://m.weibo.com/2460997447/EdmmhrIVZ,122,30,13,10月18日 08:12,来自pipa酱的iPhone 6s Plus,本来不委屈的，看到你，就委屈了。原来在某些人面前，我们是那么的脆弱！,
http://m.weibo.com/2460997447/E5Gt2l2EG,227,63,13,08月28日 20:41,来自秒拍客户端,王健林：让上海迪士尼20年不盈利，霸气！秒拍视频（使用#秒拍#录制）,
http://m.weibo.com/2460997447/E4JkPaSQ8,313,7,13,08月22日 14:09,来自pipa酱的iPhone 6s Plus,错失冠军的李宗伟老司机再次重操旧业，不管怎样，生活还得继续[doge[doge,
http://m.weibo.com/2460997447/E49MmywFE,337,7,13,08月18日 19:38,来自pipa酱的iPhone 6s Plus,约女生要提前一天，因为要洗头，提前半小时约，你以为拿快递呢！,
http://m.weibo.com/2460997447/E3IqcgqfZ,343,21,13,08月15日 21:59,来自pipa酱的iPhone 6s Plus,#王宝强离婚# 王宝强加油，亿万粉丝在支持你，不哭。 秒拍视频,
http://m.weibo.com/2460997447/E3ff2hTqq,422,23,13,08月12日 19:42,来自pipa酱的iPhone 6s Plus,长大后才发现，有时你说了真话，你还得和人家道歉，因为你戳穿了事实。所以想要活得顺畅，请时刻带上脑子―papi酱,
http://m.weibo.com/2460997447/E2Wxi9cpv,314,3,13,08月10日 20:04,来自pipa酱的iPhone 6s Plus,如果非要说有什么特长，感觉自己保持着“最快关掉闹钟”的记录―papi酱,
http://m.weibo.com/2460997447/E1Ed8bcwX,426,18,13,08月02日 07:35,来自pipa酱的iPhone 6s Plus,近视也挺好的，左眼惆怅，右眼朦胧，至少不用把人看得太透―papi酱,
http://m.weibo.com/2460997447/E0me4EXF3,330,3,13,07月24日 19:58,来自pipa酱的iPhone 6s Plus,有话好好说，不要发自拍[doge[阴险[馋嘴[哈哈―papi酱,
http://m.weibo.com/2460997447/DEWtHaaYA,385,26,13,07月15日 19:03,来自pipa酱的iPhone 6s Plus,男人和女人吵架，只要男人的声音一抬高，这个时候吵架的原因已经不重要了，因为后面全程的过程就变成了：“你居然还敢吼我，你再吼我一句试试？―papi酱,
http://m.weibo.com/2460997447/DEyMKDFmQ,376,22,13,07月13日 06:44,来自pipa酱的iPhone 6s Plus,现在的人，你跟他说真话，他以为你说假话；你跟他说假话，他以为你说笑话；你跟他说笑话，他竟然当真了―papi酱,
http://m.weibo.com/2460997447/DCEZLs9VC,212,27,13,06月30日 18:52,来自pipa酱的iPhone 6s Plus,我爱的人如要离开我，我定是只会说两个字：好的。绝口不问为什么？你怎么可以这样对我？到底我哪里做得不对？既然你决定要离开，必定有你准备好的理由，我不想听你谋划许久冠冕堂皇的借口。凡是离开的必然本就不属于我，祝你好运，从此云淡风轻，过往一笔勾销。人生短暂，不活在记忆中―papi酱,
http://m.weibo.com/2460997447/EjPjbqi1F,352,46,12,11月29日 20:56,来自pipa酱的iPhone 6s Plus,送给所有的女人！,
http://m.weibo.com/2460997447/EhnNJkBO7,164,1,12,11月13日 19:13,来自pipa酱的iPhone 6s Plus,看似繁华的摇滚界轰然坍塌，张炬车祸身亡，吴珂消失成迷，张楚癫狂入魔，何勇自闭逃离，只有窦唯还算没那么悲惨，但是他的生活也和摇滚这两个字渐行渐远，慢慢的开始接地气了！,
http://m.weibo.com/2460997447/EfgdecwVn,273,16,12,10月30日 20:14,来自pipa酱的iPhone 6s Plus,如果李易峰在楼下等你约会，你的拖延症立马就好了，如果手里有张无限透支的黑卡，你的选择困难症立马就好了，如果金灿灿的黄金堆成一面墙那么高，你的密集恐惧症立马就好了，如果别人送你一栋有两个大门的别墅，你的强迫症立马就好了。,
http://m.weibo.com/2460997447/EeMU7oQnv,296,22,12,10月27日 17:37,来自pipa酱的iPhone 6s Plus,剪坏你头发的理发店你不会再去，吃坏你肚子的快餐店你不会再去，那个一遍又一遍伤害你的人，你为什么还要爱？,
http://m.weibo.com/2460997447/EbSbgriuk,101,21,12,10月08日 13:32,来自pipa酱iPhone 6s Plus,“别笑了，赶紧救驾！”[喵喵 有爱的消防员救把它出来后，“这脸丢大了，赶紧跑”[笑cry 秒拍视频,
http://m.weibo.com/2460997447/E6TF1kfHP,324,79,12,09月05日 20:06,来自pipa酱的iPhone 6s Plus,人这一辈子！4张证，4张床，4辆车，4个瓶，就结束了！看完这几张图，无限感慨和伤感，匆匆一生，且行且珍惜！,
http://m.weibo.com/2460997447/E5waGaSP1,259,11,12,08月27日 18:28,来自pipa酱的iPhone 6s Plus,少一点真诚，多一点套路[拜拜[拜拜[拜拜,
http://m.weibo.com/2460997447/E5s6d6H0f,254,14,12,08月27日 08:06,来自pipa酱的iPhone 6s Plus,只要收到你一句“在” 我就会兴奋到原地满血复活旋转三百八十度欢呼雀跃挥拳鼓舞！然后冷静装逼的说一句“嗯”,
http://m.weibo.com/2460997447/E4Vf4jSAG,213,9,12,08月23日 20:27,来自pipa酱的iPhone 6s Plus,原来你是这样的二哈[doge,
http://m.weibo.com/2460997447/E4Mam9AZw,279,10,12,08月22日 21:21,来自pipa酱的iPhone 6s Plus,里约奥运会最令我感动的，不是那些为国拼搏的运动员，而是那些双目失明，老年痴呆，依然坚守在工作岗位的裁判们…,
http://m.weibo.com/2460997447/E4jy7jrWT,306,7,12,08月19日 20:30,来自pipa酱的iPhone 6s Plus,脸大有什么关系，脸美就行了，大点儿才美得清楚,
http://m.weibo.com/2460997447/E40eOpEWK,304,0,12,08月17日 19:20,来自pipa酱的iPhone 6s Plus,修图的时候不要只P自己，帮朋友也一起修修。,
http://m.weibo.com/2460997447/E3yCUhWLp,355,19,12,08月14日 21:03,来自pipa酱的iPhone 6s Plus,回聊啊，再约啊，改天联系啊，下次一起玩啊，回头请你吃饭啊，晚点给你电话啊，有空出来喝啊，有时间去看你啊，哪怕有一句能成真，友情也不会像现在这么淡了,
http://m.weibo.com/2460997447/DF3jZ3qZD,308,17,12,07月16日 12:28,来自pipa酱的iPhone 6s Plus,拿自己的热脸贴对方的冷屁股，还总认为自己还做得不够好。在自己眼里，这是爱；在对方眼里，这是烦；在别人眼里，这是贱―papi酱,
http://m.weibo.com/2460997447/DERQhasRJ,372,14,12,07月15日 07:15,来自pipa酱的iPhone 6s Plus,当你失败的时候，身边会有一群关心你的人，他们会问你发生什么事，听听你的失败经验，然后心满意足地离开―papi酱,
http://m.weibo.com/2460997447/DEMtAFwsC,260,4,12,07月14日 17:35,来自pipa酱的iPhone 6s Plus,闺蜜之间，都是无话不说，女人之间的小九九，谁能懂？―papi酱,
http://m.weibo.com/2460997447/DDSHEtQSD,409,32,12,07月08日 19:36,来自pipa酱的iPhone 6s Plus,其实大多人把时间献给手机屏幕，只是为了掩饰没有人陪同的尴尬―papi酱,
http://m.weibo.com/2460997447/DDohu37wo,661,1,12,07月05日 14:09,来自pipa酱的iPhone 6s Plus,#霍建华林心如结婚#是胡不是霍，是霍是心如，恭喜两人，喜结良缘。,
http://m.weibo.com/2460997447/DyzuxqvYl,141,4,12,06月03日 21:30,来自iPhone 6s Plus,你了解中国吗？你去过中国吗？你知道中国从一个一穷二白的面貌把六亿以上的人摆脱了贫困吗？你知道中国现在已经成为人均八千美元的世界第二大经济体吗？如果我们不能够很好地保护人权的话，中国能取得这样的发展吗？你知道中国已经把保护人权写入我们的宪法中吗？―papi酱,
http://m.weibo.com/2460997447/EhPuN5N9B,193,25,11,11月16日 17:44,来自pipa酱的iPhone 6s Plus,最近收快递的心路历程[doge[doge[doge,
http://m.weibo.com/2460997447/EhxHuc7jW,181,32,11,11月14日 20:25,来自pipa酱的iPhone 6s Plus,这世上有三样东西是别人抢不走的：一是吃进胃里的食物，二是藏在心中的梦想，三是读进大脑的书。所以做人最美好的样子是：做一个有理想好读书的吃货！,
http://m.weibo.com/2460997447/EgDd267M9,133,26,11,11月08日 20:37,来自秒拍客户端,“papi酱的不定期放送――如果把网络用语（粉圈用语为主）运用到现实生活中，会有什么意想不到的效果？前方高能，非战斗人员迅速撤离，这不是演习！因为本视频里的话你很有可能一句都听不懂...papi酱的秒拍视频（使用#秒拍#录制）,
http://m.weibo.com/2460997447/EfRn8d1yl,237,15,11,11月03日 18:50,来自pipa酱的iPhone 6s Plus,“今日少吃一块肉，明日维密我走秀。” “明天少喝一口汤，后天维密我开场[doge,
http://m.weibo.com/2460997447/EfIg74dA4,239,15,11,11月02日 19:38,来自pipa酱的iPhone 6s Plus,如何判断一个人老了？[doge不用他妈说，自己穿上了秋裤！[二哈,
http://m.weibo.com/2460997447/EdAwr5bZK,137,17,11,10月19日 20:15,来自秒拍客户端,“papi酱的放送――又可以开始工作了！！老板，我爱工作！我爱加班！工作就是我的全部！papi酱的秒拍视频（使用#秒拍#录制）,
http://m.weibo.com/2460997447/Ed8hBotFe,156,4,11,10月16日 20:22,来自pipa酱的iPhone 6s Plus,你的拿手好菜是什么？我烧的……白开水还不错！,
http://m.weibo.com/2460997447/EcZ4E6dAN,155,12,11,10月15日 20:55,来自秒拍客户端,“papi酱不定期更新的日常――亲爱的朋友们！经过7天连续上班上学，你是否已经疲劳不堪、心力交瘁了？！在这7天时间中，你是否觉得自己患上了节后综合症？！今天，有着足足三个月临床经...papi酱的秒拍视频（使用#秒拍#录制）,
http://m.weibo.com/2460997447/EayfRtsSG,170,49,11,09月29日 20:58,来自秒拍客户端,我待生活如初恋，生活待我如大便。如果你觉得老天爷在针对你，醒醒吧，老天爷在针对我们所有人……尽管生活是那么得操蛋，可还是要保持微笑???（祝你们这个周...秒拍视频（使用#秒拍#录制）,
http://m.weibo.com/2460997447/Ea4JL8M1B,180,3,11,09月26日 17:49,来自pipa酱iPhone 6s Plus,等待房价下跌的年轻人！,
http://m.weibo.com/2460997447/E87buAPzv,216,4,11,09月13日 20:22,来自pipa酱的iPhone 6s Plus,一次成功的约会，就是双方从始到终都没有主动看过手机。,
http://m.weibo.com/2460997447/E6d4nfCL4,209,4,11,09月01日 07:41,来自pipa酱的iPhone 6s Plus,明明可以靠脸，你却偏偏要靠才华，这就是你和明明的差距。,
http://m.weibo.com/2460997447/E5PS9whPu,213,5,11,08月29日 20:38,来自pipa酱的iPhone 6s Plus,我要好好工作，不然人家会说：你看那个人，除了好看，一无是处―papi酱,
http://m.weibo.com/2460997447/E5FjOz7UR,278,47,11,08月28日 17:45,来自pipa酱的iPhone 6s Plus,真正的好朋友就是即使不能拉你一把，也绝不会让你掉下去的人。,
http://m.weibo.com/2460997447/E4jNAvSLk,215,11,11,08月19日 21:08,来自pipa酱的iPhone 6s Plus,林丹李宗伟 林李第37次对决 虽然林丹没能挺进决赛，但这绝对是一场精彩绝伦、伟大的比赛！也许一切都是最好的安排吧，赛后林丹带着全场为李宗伟鼓掌，这可能是他们在奥运场上最后的对决了。这就是奥运的精神，运动精神，最可敬的对手！恭喜李宗伟，祝福林丹 秒拍视频,
http://m.weibo.com/2460997447/E2r8eueJv,648,13,11,08月07日 12:08,来自pipa酱的iPhone 6s Plus,遗憾，感谢，我会继续努力！,
http://m.weibo.com/2460997447/DFba6hzdt,352,11,11,07月17日 08:26,来自pipa酱的iPhone 6s Plus,年轻的时候千万不要因为没钱而绝望，因为你要知道，你以后没钱的日子还很多[笑cry―papi酱,
http://m.weibo.com/2460997447/DCY27kMge,246,28,11,07月02日 19:20,来自pipa酱的iPhone 6s Plus,现在的社会，现在的人，都喜欢虚的，假的，不喜欢真的―papi酱,
http://m.weibo.com/2460997447/DAH651Xf1,212,7,11,06月17日 20:32,来自pipa酱的iPhone 6s Plus,女人要懂得以柔克刚，不要和他发生正面冲突。有分歧别大喊大叫，那样会让分歧更大。也别当着别人的面让他下不来台。要等气氛缓和后再讲道理，表明立场。他冷静的时候才会思考，才会去想你的道理。别拿自己的他和别人的他比较，灭他的锐气。男人如果在你这找不到自信，他就会到别处去找―papi酱,
http://m.weibo.com/2460997447/DzDSBwB06,171,16,11,06月10日 22:30,来自iPhone 6s Plus,总嚷着要找个对象，却从不主动勾搭。没喜欢的人，也懒得接受别人的追求。倒也不是那么“宁缺毋滥”，却还是不肯委屈将就。有时感觉单身挺好的，又常常羡慕别人成双入对。这才是很多人单身的日常吧―papi酱,
http://m.weibo.com/2460997447/DuU3GBBm1,316,28,11,05月10日 18:30,来自pipa酱的iPhone 6s Plus,主动找你三回，你理我一回，下次我会犹豫找不找你。我跟你说的话你敷衍，下回我会考虑要不要跟你说。我对你好，你熟视无睹，下次我会疑惑你是不是不需要。知道吗？你就是这样把我推远的―papi酱,
http://m.weibo.com/2460997447/EhBVl7yk0,239,7,10,11月15日 07:11,来自pipa酱的iPhone 6s Plus,放心吧，如果你不肯努力，一切都不会好的，早安！,
http://m.weibo.com/2460997447/EgLUOjVTu,141,11,10,11月09日 18:46,来自pipa酱的iPhone 6s Plus,毫无违和感！奥巴马恼怒了！特朗普笑的很开心！,
http://m.weibo.com/2460997447/EeXbP9cah,308,16,10,10月28日 19:48,来自pipa酱的iPhone 6s Plus,莫笑少年穷！40年前，谁能知道左边这个坏笑的家伙现在是中国首富，打死也不信！所以，要珍惜你身边每个小伙伴。,
http://m.weibo.com/2460997447/E9NafDOGH,285,37,10,09月24日 21:05,来自pipa酱iPhone 6s Plus,喜欢主动买单的人，不是因为钱太多，而是把友情看的比金钱重要；合作时愿意让利的人，不是因为笨，而是知道分享；工作时愿意主动多干的人，不是因为傻，而是懂得责任；吵架后先道歉的人，不是因为错，而是懂得珍惜；愿意帮你的人，不是欠你什么，而是把你当真伙伴。,
http://m.weibo.com/2460997447/E9IF8bcSZ,277,24,10,09月24日 09:37,来自pipa酱iPhone 6s Plus,好了遭人嫉妒，差了让人瞧不起，开放点人家说你骚，保守点人家说你装，忠厚的人家说你傻,，精明的人家说你奸，冷淡了大伙儿说你傲，热情了群众说你浪，走在前头挨闷棍，走在后头全没份，总之就算你再好也会有人从你身上挑刺儿！
http://m.weibo.com/2460997447/E9kBymjzx,156,32,10,09月21日 20:23,来自秒拍客户端,今天要说的，是我一个朋友的故事。不过，我相信，这位朋友你们或许也认识。愿我们都不会变成自己最讨厌的那种人…papi酱的秒拍视频（使用#秒拍#录制）,
http://m.weibo.com/2460997447/E8SrzyiqO,239,9,10,09月18日 20:41,来自pipa酱的iPhone 6s Plus,9.18―勿忘国耻！,
http://m.weibo.com/2460997447/E8zBAcj28,181,47,10,09月16日 20:44,来自秒拍客户端,生活中总有那么一群人，对什么都不满意。不管你怎么做、做什么，都是错的。今天我想对那些人说：请把你的高标准、严要求，留给你自己。谢谢合作秒拍视频（使用#秒拍#录制）,
http://m.weibo.com/2460997447/E7vTUe5UL,219,19,10,09月09日 21:27,来自pipa酱的iPhone 6s Plus,要达到能够结婚的状态，需要两个人都达到自我内心的安定，对新鲜的异性不再蠢蠢欲动，对生活的前路不迷茫，已经体验或经历过的感情，抑或其他事达到自己预计的分量，决心靠谱而安心过日子了，这才是可以结婚的时刻！,
http://m.weibo.com/2460997447/E3pidnmsd,269,41,10,08月13日 21:17,来自pipa酱的iPhone 6s Plus,啊？你说什么？我听不见[doge 秒拍视频,
http://m.weibo.com/2460997447/E2J5dzcYV,474,36,10,08月09日 09:50,来自pipa酱的iPhone 6s Plus,恭喜孙杨以1分44秒65夺金，中国是最棒的[中国 微博视频,
http://m.weibo.com/2460997447/E2bk1fHgr,375,12,10,08月05日 19:53,来自pipa酱的iPhone 6s Plus,丑小鸭变成白天鹅，并不只是它有多努力，而是它的父母就是白天鹅―papi酱,
http://m.weibo.com/2460997447/DE0OUELma,162,40,10,07月09日 16:16,来自pipa酱的iPhone 6s Plus,没想到你是这样的雪姨，一言不合就开车[笑cry 秒拍视频,
http://m.weibo.com/2460997447/DDXr4s56H,291,24,10,07月09日 07:39,来自pipa酱的iPhone 6s Plus,人是不能闲的，一闲就会想得太多，一闲就会感情泛滥 ，所谓矫情屁事多，空虚寂寞冷，都是因为懒散堕落闲―papi酱,
http://m.weibo.com/2460997447/DDv2BjWAT,418,27,10,07月06日 07:22,来自pipa酱的iPhone 6s Plus,中分看鼻子，齐刘海看脸型，斜刘海看气质，无刘海看五官，我适合蒙面[笑cry―papi酱,
http://m.weibo.com/2460997447/DBjaxkI0r,178,11,10,06月21日 21:28,来自pipa酱的iPhone 6s Plus,我想要的生活，是素而不寂，暖而不腻，且带着烟火的气息，与亲人相暖，与朋友同行，心有可依，情有所靠，不说天长地久的话，只与珍惜相亲，忙了就什么都不想，闲了看看文字中的日月山水，那里有我向往却达不到的岸，远离尘世喧嚣，自我陶醉一翻―papi酱,
http://m.weibo.com/2460997447/DzpHucMQA,196,2,10,06月09日 10:25,来自iPhone 6s Plus,新闻报道说有考生因为睡过头，错过了第一场高考，真替他感到惋惜，人这一辈子，在家睡觉的机会很多，而参加高考的机会可能只有一次，为什么不选择进了考场在睡呢―papi酱,
http://m.weibo.com/2460997447/Dy7pGgV5F,153,27,10,05月31日 22:01,来自iPhone 6s Plus,敏感的人易缺乏安全感和过分自卑―papi酱,
http://m.weibo.com/2460997447/DwJKr0L7Q,165,11,10,05月22日 19:56,来自pipa酱的iPhone 6s Plus,不要为自己控制不了的事，纠结或难过。通常一件坏事发生，我首先会考虑的是，这事我能控制吗，能改变它的走向吗？我不会把时间浪费在难过上。与其去纠结自己改变不了的事，不如去做些什么，让自己过得更好，唯有自己变好，才能守护自己的所爱。其他都是废话―papi酱,
http://m.weibo.com/2460997447/EfNdOxHnm,508,2,9,11月03日 08:16,来自pipa酱的iPhone 6s Plus,早上好！祝大家有个好心情[鲜花,
http://m.weibo.com/2460997447/Efzf50B06,393,20,9,11月01日 20:40,来自pipa酱的iPhone 6s Plus,现实生活就是，精心打扮的时候谁都碰不到，蓬头垢面的时候谁都碰得到！同意的点doge,
http://m.weibo.com/2460997447/Efq7xiKgj,303,30,9,10月31日 21:27,来自pipa酱的iPhone 6s Plus,又到了洗澡靠毅力，洗衣靠耐力，起床靠爆发力的季节了。,
http://m.weibo.com/2460997447/EeusXxsuZ,354,11,9,10月25日 18:41,来自pipa酱的iPhone 6s Plus,陪伴是最长情的告白！,
http://m.weibo.com/2460997447/E9aQGlwlt,178,101,9,09月20日 19:32,来自秒拍客户端,“对不起阿姨，我不能给你让座。”――你遇到过道德绑架吗？秒拍视频（使用#秒拍#录制）,
http://m.weibo.com/2460997447/E91zStvWm,237,18,9,09月19日 19:56,来自pipa酱的iPhone 6s Plus,天凉了，请给我个拥抱，如果不能给我拥抱，请给我件外套，我穿M号…… 如果不能给我外套，又没有拥抱，请给我钞票，我有卡号！,
http://m.weibo.com/2460997447/E8uYElXfq,270,24,9,09月16日 08:57,来自pipa酱的iPhone 6s Plus,你梦到了一个人，是因为那个人在想你。心若沉浮，浅笑安然，请允许我跌进你的梦里。,
http://m.weibo.com/2460997447/E72TbbgDc,140,56,9,09月06日 19:36,来自pipa酱的iPhone 6s Plus,原来你是这样的猩猩！ 秒拍视频,
http://m.weibo.com/2460997447/E4yKHEJcR,394,10,9,08月21日 11:12,来自pipa酱的iPhone 6s Plus,有一种教练，叫郎平！！有一种精神，叫中国女排！！太激动了，要哭了！！转发致敬！！为中国姑娘喝彩！！,
http://m.weibo.com/2460997447/E4wWnvBEj,291,27,9,08月21日 06:35,来自pipa酱的iPhone 6s Plus,做人要像土豆一样，跟啥玩意都能炖一起，咋整都不难吃。别像花椒大料似的，哪有事哪到，从头到尾都跟着使劲忙活，最后菜做好了，谁动筷子第一件事都是把你挑出去划拉一边去，生怕吃着你。更别像苍蝇，一炒菜你就煽呼小翅膀劲劲的往跟前凑，总把自己也当个材料，进锅里命搭上不说，这盘菜也就完犊子了！,
http://m.weibo.com/2460997447/E1S8ArKst,383,27,9,08月03日 19:02,来自pipa酱的iPhone 6s Plus,想过八戒般的生活，却承受着悟空般的压力，但只有沙僧的本事，还时不时能听到唐僧般的唠叨―papi酱,
http://m.weibo.com/2460997447/DFz4r92BD,337,15,9,07月19日 21:18,来自pipa酱的iPhone 6s Plus,每个人的勇气都不多，存了那么久才给你，不要辜负了―papi酱,
http://m.weibo.com/2460997447/DE2P5n2vF,342,26,9,07月09日 21:22,来自pipa酱的iPhone 6s Plus,都说女生是水做的，温柔不会乱发脾气，我也是啊，只是我是雪碧的成分，得捧着，不能晃，不能乱掰，不然容易炸―papi酱,
http://m.weibo.com/2460997447/DzR6N179J,147,13,9,06月12日 08:11,来自iPhone 6s Plus,我经常打一个比方，你如果真的很穷，人家骂你你就会暴跳如雷；假如你其实很富，你会一笑置之。你有相同的频道，相同的磁场，你才会受不了。之所以别人的话语一点就燃，因为你刚好是柴。情绪被外在的境界左右，就是因为我们内心当中有这样易燃的东西―papi酱,
http://m.weibo.com/2460997447/DypDgc3zI,172,8,9,06月02日 20:24,来自iPhone 6s Plus,南方人为什么比北方人富，因为南方人没事爱喝茶，喝茶的时候都觉着自个穷，聊的是怎么做生意，北方人呢，就爱喝酒，只要一沾上酒，都觉着自个是皇上，然后就开始胡说八道，回家倒头睡，第二天起来接茬喝，万丈红尘三杯酒，千秋大业一壶茶―papi酱,
http://m.weibo.com/2460997447/Dx7Q99Kud,186,14,9,05月25日 09:16,来自iPhone 6s Plus,我有一个苹果，分你一半，这是友情。 我只吃一口，剩下的全给你，这是爱情。 我一口没吃，直接全给了你，那是你父母。 我藏起来，对别人说我也饿了，这是社会。―papi酱,
http://m.weibo.com/2460997447/Eh620v9NA,246,21,8,11月11日 21:59,来自pipa酱的iPhone 6s Plus,每次面对美食，我都告诫自己：“吃多了会死。” 但结果证明，我根本就不怕死！,
http://m.weibo.com/2460997447/EgVMycIv3,147,26,8,11月10日 19:54,来自pipa酱的iPhone 6s Plus,承认吧，你的丸子头是不是还没一只汪扎得好[二哈,
http://m.weibo.com/2460997447/EgJwAeuyQ,435,32,8,11月09日 12:41,来自pipa酱的iPhone 6s Plus,这是非洲一个饥饿的孩子，把他手上另一颗糖让给了站在他对面的摄像师！他给全世界的人上了一堂课：富贵不在于拥有，而在于分享……[心[心[心,
http://m.weibo.com/2460997447/EbsqGoaIw,101,9,8,10月05日 19:58,来自秒拍客户端,十一长假免不了要和朋友聚会吧？朋友聚会免不了要喝几顿吧？不喝吗？没关系，我劝劝你你就喝了（祝各位周一&一周愉快啦（不用上班上学当然愉快了（假期少喝酒啊―papi酱秒拍视频（使用#秒拍#录制）,
http://m.weibo.com/2460997447/E8gVxcKDE,303,40,8,09月14日 21:11,来自pipa酱的iPhone 6s Plus,我知道我伸出手你肯定不会跟我走，于是我伸出腿把你绊了一跤，你果然站起来追着我跑。于是我不得不承认：自古深情留不住，总是套路得人心！,
http://m.weibo.com/2460997447/E6K49d6z8,254,22,8,09月04日 19:41,来自pipa酱的iPhone 6s Plus,上学第一天就掉田里了，都说城市套路深，想要回农村，谁知农村路更滑，地形更复杂！,
http://m.weibo.com/2460997447/E6Jj6lalh,199,6,8,09月04日 17:45,来自pipa酱的iPhone 6s Plus,只要你每天坚持自习，认真刻苦，态度端正，忍受孤独，最终的胜利肯定是属于那些考场上发挥好的人。,
http://m.weibo.com/2460997447/E6x2tDrcU,290,23,8,09月03日 10:31,来自pipa酱的iPhone 6s Plus,镜子是我最好的朋友，因为我哭的时候它从来不会笑,
http://m.weibo.com/2460997447/E4eIwnkFt,280,12,8,08月19日 08:12,来自pipa酱的iPhone 6s Plus,基本上人是不会在某个年龄突然长大的，即使吹灭了三十岁的生日蜡烛也会想着“这就三十岁了吗，我还只是个宝宝呢！”年龄永远不是衡量一个人的刻度，只有责任的叠加才会让人逐渐成长。在那之前，就让红领巾在胸前飘荡吧。,
http://m.weibo.com/2460997447/DFIlWnQ2v,333,17,8,07月20日 20:56,来自pipa酱的iPhone 6s Plus,这辈子走过最崎岖的路 就是你的套路―papi酱,
http://m.weibo.com/2460997447/DEJYkqlSn,224,2,8,07月14日 11:13,来自pipa酱的iPhone 6s Plus,当你不再期待什么东西的时候，你会得到一切―papi酱,
http://m.weibo.com/2460997447/DDqwvxBaf,347,18,8,07月05日 19:52,来自pipa酱的iPhone 6s Plus,装傻是为了能逗你开心，你以为我真的是逗比啊―papi酱,
http://m.weibo.com/2460997447/DBn9Pcsq6,292,9,8,06月22日 07:37,来自pipa酱的iPhone 6s Plus,你虽然单身，但胖若两人[笑cry―papi酱,
http://m.weibo.com/2460997447/DAxOhpg56,170,5,8,06月16日 20:54,来自pipa酱的iPhone 6s Plus,男人最值得炫耀的是：让心爱的女人一辈子都在笑；女人最令人佩服的是：让心爱的男人一 有空就想往家跑―papi酱,
http://m.weibo.com/2460997447/DxEHlrQXK,243,19,8,05月28日 20:55,来自iPhone 6s Plus,身为女子，记住要读好书，勤力做事，不要向任何人索取任何东西，还有，付出之际，要彻底了解，一切不会回头―papi酱,
http://m.weibo.com/2460997447/EguaahNJG,195,14,7,11月07日 21:35,来自pipa酱的iPhone 6s Plus,帮不了的忙，要明说。别碍于面子，绕来绕去的给求助的人留希望。虽然这往往出于好心，但结果却十分糟糕。一个寄希望于你身上的人，希望一旦破灭，是根本不会考虑你的出发点的。多少朋友，都因为这个而渐渐疏远了！,
http://m.weibo.com/2460997447/EfYA5pRIH,130,15,7,11月04日 13:11,来自pipa酱的iPhone 6s Plus,短篇小说:《压力》。1.他在路上遇到一个搭风车的美女，忽然她晕倒在车上，然后他不得不送她去医院，---他感受到压力的存在。2.到了医院，医生说美女怀孕了，恭喜他要做爸爸了。他说孩子不是自己的，可是美女说孩子是他的，---这让他焦虑不安。3.他不得不要求做DNA测试证明自己的清白。测试后，?全文,
http://m.weibo.com/2460997447/EcPwunhU5,182,7,7,10月14日 20:36,来自pipa酱的iPhone 6s Plus,假如生活欺骗了你，不要悲伤，不要绝望，因为明天、后天、大后天，生活还会继续欺骗你！,
http://m.weibo.com/2460997447/EcndnEBmF,121,16,7,10月11日 20:32,来自秒拍客户端,papi酱――朋友们，大家还记得张总么？你们想他吗！！他很想你们！今天张总来教我们写、剧、本！！（本视频内所有观点与我本人无关，有事儿请找张总）秒拍视频（使用#秒拍#录制）,
http://m.weibo.com/2460997447/E8WRQtRcI,240,24,7,09月19日 07:57,来自pipa酱的iPhone 6s Plus,曹操再奸都有知心朋友，刘备再好都有死对头，所以不要太在乎别人对你的评价，做好自己，干好自己的事，走好自己的路……如此下去，当你牛逼了，朋友自然就会遍天下的！,
http://m.weibo.com/2460997447/E6hRez3U7,198,3,7,09月01日 19:52,来自pipa酱的iPhone 6s Plus,干掉韩国，你就是国宝！,
http://m.weibo.com/2460997447/E2kNUsfqw,354,8,7,08月06日 20:01,来自pipa酱的iPhone 6s Plus,.知道为什么自古红颜多薄命吗？因为没有人在意丑的人活多久―papi酱,
http://m.weibo.com/2460997447/DFgmmk977,283,9,7,07月17日 21:40,来自pipa酱的iPhone 6s Plus,不顺利吗？多照照镜子，很多事情你就明白原因了―papi酱,
http://m.weibo.com/2460997447/DEbDTwsxo,228,6,7,07月10日 19:49,来自pipa酱的iPhone 6s Plus,一个美好而又充实的周末，一个说不起就不起的早晨、一个说不睡就不睡的深夜、一头说不洗就不洗的头发和一个说不出门就不出门的白天，其实就是没人约―papi酱,
http://m.weibo.com/2460997447/DCP0AhgSB,259,26,7,07月01日 20:21,来自pipa酱的iPhone 6s Plus,男人不要觉得有很多备胎多光荣，因为只有破车才需要备胎。女人也不要觉得有很多追求者多骄傲，因为只有廉价货才被哄抢―papi酱,
http://m.weibo.com/2460997447/DzHCVk1Y7,158,18,7,06月11日 08:03,来自iPhone 6s Plus,爱一个人是要有节制的。你毫无保留的把心交给对方，其实是害了这段感情。 因为人的心理很微妙。当你们都有所保留、患得患失时，地位是平等的。而当你付出所有，倒成了卑微的那一方，他反而不重视你了。所以，宁可爱的浅浅，也不要爱的疯狂。爱的浅有人疼，爱的深没人怜―papi酱,
http://m.weibo.com/2460997447/DyOvUaNF4,132,11,7,06月05日 11:44,来自iPhone 6s Plus,有人说，如果你很想要一样东西，就放它走。如果它回来找你，那么它永远都是你的。要是它没有回来，那么不用再等了，因为它根本就不是你的―papi酱,
http://m.weibo.com/2460997447/EeF9iEGxy,112,1,6,10月26日 21:52,来自pipa酱的iPhone 6s Plus,鲁能加油，明年再战[鲜花 秒拍视频,
http://m.weibo.com/2460997447/EeDGorLjv,99,54,6,10月26日 18:08,来自pipa酱的iPhone 6s Plus,哈哈哈！可以笑一年的视频[doge 秒拍视频,
http://m.weibo.com/2460997447/Ec8NUk2D8,111,7,6,10月10日 07:51,来自赵大宝的iPhone 6s Plus,你以为只要长得漂亮就有男生喜欢？你以为只要有了钱漂亮妹子就自己贴上来了？你以为学霸就能找到好工作？我告诉你吧，这些都是真的！,
http://m.weibo.com/2460997447/Eb8Drsxmn,272,2,6,10月03日 17:35,来自pipa酱iPhone 6s Plus,我带着你，你带着钱，我们出游吧！祝大家国庆节快乐[嘻嘻,
http://m.weibo.com/2460997447/E8qN8gJwt,338,3,6,09月15日 22:17,来自pipa酱的iPhone 6s Plus,祝天宫二号发射成功[鲜花,
http://m.weibo.com/2460997447/E53PxjJ9n,193,13,6,08月24日 18:19,来自pipa酱的iPhone 6s Plus,今天是农历七月二十二，财神节，祝大家财源滚滚！放鞭炮的时候，也要注意保护环境哦！,
http://m.weibo.com/2460997447/DFyoPcVMH,198,4,6,07月19日 19:35,来自pipa酱的iPhone 6s Plus,气象局通知： 原约定于昨天，今天，明天凌晨来的暴雨，因半路资金不足，耽误了点时间，或许明天下午至夜间赶到。这场雨如果下大了肯定不小，如果下小了也肯定不会大，请市民再耐心等待！具体情况等气象台会后报给市民。气象台温馨提醒：今天如果不下雨，明天不下雨的话，这两天就没有雨了，就看后天的?全文,
http://m.weibo.com/2460997447/DAsANahE9,187,14,6,06月16日 07:37,来自pipa酱的iPhone 6s Plus,孙悟空得了金箍棒，扬长而去，龙王大惊，说那金箍棒重达一万三千五百斤，孙悟空如何使得动？龟丞相答道：“我们使不动是因为那金箍棒是定海神针，龙宫至宝，我们把它看的太重，便放不开，而那猴子只不过当它是个棍子，所以便拿的起放的下―papi酱,
http://m.weibo.com/2460997447/DA2Bo90pW,145,19,6,06月13日 13:27,来自iPhone 6s Plus,男人虽爱美人，但不一定会娶她，到最后，男人娶的都是适合做老婆的。女人虽然爱钱，但不一定会嫁富人，到最后，嫁的都是待她好的。所以，做人到最后，拼的不是富和美，而是责任和人品。其实，心地善良的女人最美丽，有责任感的男人最富有―papi酱,
http://m.weibo.com/2460997447/DxztNpeow,123,0,6,05月28日 07:38,来自iPhone 6s Plus,#车主李易峰超跑车祸#兰博基尼，法拉利，等一系列豪车是最难开的，但速度也是最快的，开过的人心里都有数，700多马力，很容易打滑，普通人驾驶，谁也不保证不出事故。,
http://m.weibo.com/2460997447/DvVD2dqSM,87,5,6,05月17日 12:20,来自pipa酱的iPhone 6s Plus,好男人绝不是第一眼的，因为第一眼能看上的男人，要么帅，要么有钱，他们会很骄傲。好男人是第二眼的，开始你不喜欢他，但时间越长就越离不开。好女人也不是第一眼的，因为第一眼只能看外表，而灵魂美丽只有慢慢相处才能懂。所以无论男女，想发现内心的好，只有靠相处―papi酱,
http://m.weibo.com/2460997447/Dv0Sy5WRz,78,5,6,05月11日 11:52,来自pipa酱的iPhone 6s Plus,有什么困难尽管跟我说吧，反正我又帮不了你―papi酱,
http://m.weibo.com/2460997447/Du9sb9OmR,100,14,6,05月05日 19:51,来自papi酱的iPhone 6s Plus,明星系列视频――观众朋友们大家好，欢迎来到娱乐圈特别节目，《明撕ing面对面》―papi酱 秒拍视频,
http://m.weibo.com/2460997447/DskVU2m9N,139,62,6,04月23日 21:24,来自iPhone 6s Plus,我最近越来越觉得，女人真是不好做。希望这个世界对女性的恶意可以少一点，希望没有人再因为你的性别来评价你，希望我们能够尊重每一个女性选择的权利―papi酱 秒拍视频,
http://m.weibo.com/2460997447/Eec630g0q,168,23,5,10月23日 19:55,来自pipa酱的iPhone 6s Plus,如此情深，却难以启齿。原来你若真爱一个人，内心酸涩，反而会说不出话来，甜言蜜语，多数说给不相干的人听！,
http://m.weibo.com/2460997447/EcYsemzFO,175,6,5,10月15日 19:21,来自pipa酱的iPhone 6s Plus,年轻的时候多吃些苦，这样老了吃苦才习惯！,
http://m.weibo.com/2460997447/EbZvhC1zN,83,3,5,10月09日 08:10,来自动态图相册,论吃葡萄我只服他（她）,
http://m.weibo.com/2460997447/EbV7E1Sh4,78,61,5,10月08日 21:01,来自pipa酱iPhone 6s Plus,这个视频有必要分享给大家，让人贩子没有可乘之机，看完后，分享出去，让更多的人看到！ 秒拍视频,
http://m.weibo.com/2460997447/E5nJCcrdk,180,17,5,08月26日 21:00,来自pipa酱的iPhone 6s Plus,妈妈在外面其实也不是一头成功的母猪，我每天四处奔波从早到晚，回到家最开心最开心的就是能做一顿好吃的，看着你吃的样子。这个是我能够给你的最简单、最基本的幸福。所以 如果你以后再也不吃妈妈做的鸡，妈妈再也见不到你吃鸡的样子，那妈妈的一切就没有了――《麦兜响当当》,
http://m.weibo.com/2460997447/E2lcx2VLL,323,4,5,08月06日 21:02,来自pipa酱的iPhone 6s Plus,经过不断的奋斗和磨砺，我终于从一个懵懂无知、敏感脆弱的少年，成长为了一个懵懂无知、敏感脆弱的青年―papi酱,
http://m.weibo.com/2460997447/DDHWHi4ZH,256,159,5,07月07日 16:13,来自pipa酱的iPhone 6s Plus,??????????????????????转发这条锦鲤，下半年会有好事发生[doge?,
http://m.weibo.com/2460997447/DB4vls877,215,7,5,06月20日 08:08,来自pipa酱的iPhone 6s Plus,人啊，长了颗红楼梦的心，却生活在水浒的世界，想交些三国里的桃园弟兄，却总遇到些西游记里的妖魔鬼怪―papi酱,
http://m.weibo.com/2460997447/DAYKefXeM,281,11,5,06月19日 17:28,来自pipa酱的iPhone 6s Plus,如果一个男人，喜欢你素颜不化妆，你多丑他都不嫌弃，你胖了他很高兴，你瘦了他特心疼，你没钱用了他二话不说掏给你。请记住，那个人是你爸爸，祝全天下的爸爸，父亲节快乐―papi酱,
http://m.weibo.com/2460997447/DAR7ocWk6,245,20,5,06月18日 22:03,来自pipa酱的iPhone 6s Plus,大千世界，我们并不是缺少一个说话的朋友，而是渴望一个理解自己读懂自己的伙伴―papi酱,
http://m.weibo.com/2460997447/DAeMRrxz4,122,12,5,06月14日 20:28,来自pipa酱的iPhone 6s Plus,心胸狭窄的人，最擅长从别人的话里听出恶意。心胸宽广的人，最擅长从别人的话里听出善意。关键就在于我们选择做哪种人。你把身边的人看成是草，你就被草包围，那你就是草包！你把身边的人都看成宝，你被宝包围着，你就是“聚宝盆”―papi酱,
http://m.weibo.com/2460997447/DxvhQ6RT4,99,5,5,05月27日 20:57,来自iPhone 6s Plus,很多时候那些在生活中被视为鸡毛蒜皮的小事，也许就是造成一段感情分道扬镳的罪魁祸首，尽管在这之前曾一起经历过很多大风大浪―papi酱,
http://m.weibo.com/2460997447/Dw8b5kreH,121,5,5,05月18日 20:17,来自pipa酱的iPhone 6s Plus,爱情无非就两种结果：要么，各回各家，要么，你妈变我妈―papi酱,
http://m.weibo.com/2460997447/DvwqJ6Gvj,73,2,5,05月14日 20:11,来自pipa酱的iPhone 6s Plus,一个人难过了不向人倾诉，喜欢把不开心的事憋在心里，这些长期聚积的负能量很容易让自己抑郁，最好的方式是多结交一些朋友，扩大自己的交际圈，培养一些兴趣爱好，有啥不开心的事情就找朋友倾诉，这样才能摆脱负面情绪的困扰，所以，如果你们有啥不开心的事儿，就来跟我说说吧，让我开心下―papi酱,
http://m.weibo.com/2460997447/DtR7enuQK,53,0,5,05月03日 21:10,来自papi酱的iPhone 6s Plus,第一个男人教会了你风月情愁，最后一个男人却给了你天长地久。女人，最值得珍惜的是最后一个男人，而不是第一个。反过来男人最怀念的却是第一个！哎！蛋都疼了.....睡！―papi酱,
http://m.weibo.com/2460997447/EfJ0dDhvf,196,4,4,11月02日 21:31,来自pipa酱的iPhone 6s Plus,科学证明：寒冷的环境可以使人变得年轻。小明的爷爷今年70多岁了，出门冻得跟孙子一样。,
http://m.weibo.com/2460997447/Edrm30eVM,167,10,4,10月18日 20:55,来自pipa酱的iPhone 6s Plus,很多时候你不逼自己一把，你就不知道你还有能把事情搞砸的本事！,
http://m.weibo.com/2460997447/EdhTtjoSX,173,1,4,10月17日 20:50,来自pipa酱的iPhone 6s Plus,??????????????????????晚上8点，这一刻，更清晰。#有R9s拍照更清晰#?,
http://m.weibo.com/2460997447/EcEX0tnvj,172,2,4,10月13日 17:41,来自pipa酱的iPhone 6s Plus,打群架的时候为什么都喜欢脱上衣？如果都脱裤子的话，气氛有点怪！,
http://m.weibo.com/2460997447/Ecw33vwLW,173,11,4,10月12日 19:02,来自pipa酱的iPhone 6s Plus,如果有人问我：那些艰难的岁月你是怎么熬过来的？ 我想我只有一句话回答：我有一种强大的精神力量支撑着我，这种力量名字叫“想死又不敢！,
http://m.weibo.com/2460997447/Eci5SdjXg,124,9,4,10月11日 07:30,来自赵大宝的iPhone 6s Plus,当你觉得自己又丑又穷，一无是处时，别绝望，因为至少你的判断还是对的。,
http://m.weibo.com/2460997447/EbTZ3xYHn,78,6,4,10月08日 18:07,来自pipa酱iPhone 6s Plus,如果你觉得7天假期短的话，从今天开始你就知道，7天有多长了[doge,
http://m.weibo.com/2460997447/EbKAM4ckh,50,15,4,10月07日 18:13,来自pipa酱iPhone 6s Plus,这个呼噜不错，厉害了我的哥[doge 秒拍视频,
http://m.weibo.com/2460997447/DAj8zl7Wy,122,13,4,06月15日 07:32,来自pipa酱的iPhone 6s Plus,不要以自己的标准来要求别人，也不要戴着有色眼镜看人，因为每个人都有自己的喜好和个性以及价值，你看不惯的事情，并不一定就是不好，幸福的理解有千万种，人生最大的幸福就是可以做自己，相信自己，跟随自己的心灵和直觉，不盲从信条，不盲目攀比，你就是最幸福的，金无赤足，人无完人，因为不完美，?全文,
http://m.weibo.com/2460997447/Dwre9tb4t,122,13,4,05月20日 20:47,来自pipa酱的iPhone 6s Plus,有一些人的出现，就是来给我们开眼的。所以，人一定要禁得起假话，受得住敷衍，忍得住欺骗，忘得了承诺，放得下一切，别和傻逼讲道理，别跟人渣瞎逼逼―papi酱,
http://m.weibo.com/2460997447/DvBsocO35,88,4,4,05月15日 08:59,来自pipa酱的iPhone 6s Plus,记住！天下人都说这人不好，但他对你好，你就得说人家好。天下人都说这人好，但他对你不好，那就是不好。恩怨分明是豪杰。小恩怨都糊涂，还谈什么大是非？―papi酱,
http://m.weibo.com/2460997447/DsSILbiGc,42,8,4,04月27日 11:25,来自papi酱的iPhone 6s Plus,公交车上，一个小伙子一直在向电话另一头抱怨： “活儿是我干，受表扬的却是组长，最后成果又成了经理的，不公平！” 挂断电话后，他旁边的老人微微一笑： “小伙子，看看你的手表，仔细看。是不是先看时针，再看分针，可运转最多的秒针你看都不看一眼?” 生活就是这样，当年轻人还盯着手表思考人生时?全文,
http://m.weibo.com/2460997447/DsIhydA88,103,0,4,04月26日 08:51,来自papi酱的iPhone 6s Plus,我前两天陪我表妹去了一趟相亲市场，他们现在都喜欢年龄小的，像你这种年龄大的，尤其是像你这种年龄大还学历高的女孩儿，根本就没市场，你说你还读什么博士，赶紧找个有钱的老公让他给你买一个博士文凭不就好了吗!―papi酱,
http://m.weibo.com/2460997447/EeqfFbjHp,173,10,3,10月25日 07:57,来自pipa酱的iPhone 6s Plus,请善待珍惜自己，因为零件不好配，贵！有钱不一定有货！,
http://m.weibo.com/2460997447/EekcPBobV,155,4,3,10月24日 16:33,来自pipa酱的iPhone 6s Plus,这片草地上只能有一个王者[doge,
http://m.weibo.com/2460997447/EdhCy1K8L,126,5,3,10月17日 20:08,来自pipa酱的iPhone 6s Plus,小孩问富翁：叔叔为什么你这么有钱呢?富翁说：我给你讲个故事吧。很小的时候，我注意到楼下的矿泉水卖一块钱，而一公里外的篮球场上，要卖一块五。我拿着一个大书包，从楼下买水带到球场去卖，卖一块二。一个月我挣了十块钱。小孩说：我好像明白了。富翁说：你明白个屁。后来我爸死了，把钱留给我了！,
http://m.weibo.com/2460997447/Ec1wJwbuq,98,2,3,10月09日 13:20,来自赵大宝的iPhone 6s Plus,刚才去门卫旁边小吃街吃饭，偶遇一个朋友，只好互相装作没看见，毕竟都是有朋友圈的人，这几天他应该在法国，而我在马尔代夫[doge,
http://m.weibo.com/2460997447/EbKq2AITX,99,8,3,10月07日 17:46,来自pipa酱iPhone 6s Plus,世界上最令人感动的话不是我爱你， 而是我请你吃肉去！,
http://m.weibo.com/2460997447/EbnGe2w0o,165,8,3,10月05日 07:53,来自pipa酱iPhone 6s Plus,如果你不敢表白，说明你的面子比爱情还重要，那还不是真爱，就算了吧！,
http://m.weibo.com/2460997447/EaoGIAwxX,157,12,3,09月28日 20:37,来自秒拍客户端,没事儿不要读自己以前的日记...（以前写的东西现在再看，真是不知道自己当时在想些什么…（我2016年的日记本还是没找到，2016年都快过去了呜呜呜呜呜呜呜...秒拍视频（使用#秒拍#录制）,
http://m.weibo.com/2460997447/DBdL3CvJx,159,9,3,06月21日 07:41,来自pipa酱的iPhone 6s Plus,说完“有空再联系”基本很难再有空，说完“下次请你吃饭”基本很难有下次。以前还会较真为什么言而无信，现在，你笑着说说，我就笑着附和，道理大家都懂―papi酱,
http://m.weibo.com/2460997447/DALQiCCAB,185,20,3,06月18日 08:37,来自pipa酱的iPhone 6s Plus,这世界上绝对没有真正傻的正常人，别人之所以选择不计较，不过是出于善良不愿意揭穿罢了！不要总拿你的聪明去利用别人的善良，终有一天，你会明白：善良比聪明更难，因为聪明是一种天赋，而善良是一种选择―papi酱,
http://m.weibo.com/2460997447/DzhcnqnDq,140,4,3,06月08日 12:46,来自iPhone 6s Plus,对一个人了解越多，离别时的悲伤越大。就像赌博，下注越多，输的时候越惨烈。而那种匆匆一瞥就终身难忘的事不过是别人的戏码，永远不可能在我老气横秋的心里留下半点影子，毕竟我们走心―papi酱,
http://m.weibo.com/2460997447/DwphXckMZ,89,1,3,05月20日 15:51,来自pipa酱的iPhone 6s Plus,#霍建华表白林心如#其实最想看到的是苏有朋和林心如在一起，情深深雨蒙蒙，话不多说[拜拜,
http://m.weibo.com/2460997447/Dwhnmrzr9,136,23,3,05月19日 19:42,来自pipa酱的iPhone 6s Plus,其实谁都不想发脾气，赌气不过是为了看看对方会为自己退让多少空间。我们都有这样一个习惯，闹矛盾时喜欢说话带刺，喜欢不理不睬。懂得你的人会为你放下架子，不懂你的人，维持了僵局，失望的只有你自己。为什么跟越亲的人越没耐心，因为私心告诉你，他们懂你，不会记恨―papi酱,
http://m.weibo.com/2460997447/DuVbpmnY6,62,13,3,05月10日 21:22,来自pipa酱的iPhone 6s Plus,直到有一天，你遇见这样一个人，每天和你分享他的快乐，解读你的忧伤，报告每天的行踪轨迹，笑谈每天的生活琐事， 这就是喜欢你的表现。毕竟时间过得那么快，谁愿意和不在乎的人瞎逼逼―papi酱,
http://m.weibo.com/2460997447/DuxHjsgTj,86,5,3,05月08日 09:35,来自pipa酱的iPhone 6s Plus,在这个滥情的年代，一句亲爱的，充其量也就是个你好，何必太认真。―papi酱,
http://m.weibo.com/2460997447/Dua81BxNH,58,3,3,05月05日 21:35,来自pipa酱的iPhone 6s Plus,如果有下辈子，我一定要做你的心脏，因为我不跳，你就得死！―papi酱,
http://m.weibo.com/2460997447/Dt0Hc67Y0,98,0,3,04月28日 07:43,来自papi酱的iPhone 6s Plus,#papi酱语录#我是papi酱，一个集美貌与才华于一身的女子―papi酱,
http://m.weibo.com/2460997447/DsWcSive8,35,4,3,04月27日 20:18,来自papi酱的iPhone 6s Plus,不论你愿不愿意承认，一生爱过的大部分人，都会从陌生变得熟悉、又再从熟悉变得陌生……渐渐的，打动我们的不再是那句我爱你，而是一句我陪你。爱情不是终点，陪伴才是归宿。―papi酱,
http://m.weibo.com/2460997447/DsVwWgYDy,55,2,3,04月27日 18:34,来自papi酱的iPhone 6s Plus,不惊扰别人的宁静就是慈悲； 不伤害别人的自尊就是善良。 人活着，发自己的光 就好，不要吹灭 别人的灯，做自己 该做的事。包容别人 是一种修养，不是懦弱，也不是胆怯，而是谅人所难，扬人所长，补人之短，恕人之过。包容是 一种美德，也是一 种善待，善 待别人的同时，也是善待自己―papi酱,
http://m.weibo.com/2460997447/DssSIu8Aj,58,0,3,04月24日 17:38,来自papi酱的iPhone 6s Plus,心有多大舞台就有多大！哪怕只是逛商场，也要假装自己正在莫斯科的红场！  ――papi酱,
http://m.weibo.com/2460997447/DsbCg6rnU,76,4,3,04月22日 21:41,来自iPhone 6s Plus,我小时候经常对我爸妈说，等我长大之后有钱了，就给你们买这买那。后来我才明白，长大和有钱之间，并没有关系。  ――papi酱,
http://m.weibo.com/2460997447/Ecn6waiSn,130,1,2,10月11日 20:15,来自赵大宝的iPhone 6s Plus,多年过去，再回忆高考，其实本质上没有考到好与坏的说法，重要的是年轻人在一起，做份试题，然后决定去哪座城市做代购！,
http://m.weibo.com/2460997447/Ec3X2emOB,91,12,2,10月09日 19:30,来自赵大宝的iPhone 6s Plus,天冷了，要好好挣钱了，因为冬天的衣服比夏天的贵！,
http://m.weibo.com/2460997447/DwFnHyWom,96,9,2,05月22日 08:49,来自pipa酱的iPhone 6s Plus,我们要和怎样的人渡过余生呢？大家都有自己的标准。有人要高富帅，有人要安全感。可真过日子来会发觉，再好的优点也抵不上一两个让人伤心的缺点。有时想想要那么多要求干嘛，还不如平安的白头到老。所以选爱人不需要太多标准，只要这三样：不骗你，不伤害你，和陪着你―papi酱,
http://m.weibo.com/2460997447/DvYGLbRP7,90,6,2,05月17日 20:08,来自pipa酱的iPhone 6s Plus,“女人到底想要什么？答案还不简单吗？无论她看起来想要什么，她想要的终归只有两样东西：很多的爱和很多的安全感―papi酱,
http://m.weibo.com/2460997447/DvPwRvaSF,85,3,2,05月16日 20:49,来自pipa酱的iPhone 6s Plus,世界上有两种人最让人着迷：一种是我这样的，一种是像我这样的[笑cry―papi酱,
http://m.weibo.com/2460997447/DvjuazisT,52,0,2,05月13日 11:14,来自pipa酱的iPhone 6s Plus,百度看病，微信养生，专家荐股，少一点套路，多一点真诚[祈祷―papi酱,
http://m.weibo.com/2460997447/Dv3RS4duV,68,3,2,05月11日 19:29,来自pipa酱的iPhone 6s Plus,友谊真的很简单，就是在你吃好吃的时候，心里想着对方，然后拍下来发给他。―papi酱,
http://m.weibo.com/2460997447/DuPMGkKEz,56,2,2,05月10日 07:37,来自pipa酱的iPhone 6s Plus,张开大嘴四处嚷嚷只是人的本能， 闭上嘴巴用心思考才需要人的智慧。比如我喜欢张嘴说相声[阴险―papi酱,
http://m.weibo.com/2460997447/DujyS09pK,61,0,2,05月06日 21:35,来自pipa酱的iPhone 6s Plus,自己对女朋友不好，就别怪别人对你女朋友好！我是住在老王隔壁的papi酱汁[嘻嘻,
http://m.weibo.com/2460997447/Du7J4vJHo,84,2,2,05月05日 15:28,来自papi酱的iPhone 6s Plus,“如果每个人都能理解你 那你得普通成什么样”所以我拍视频....让你们理解不了[嘻嘻[阴险―papi酱,
http://m.weibo.com/2460997447/DtfnUvgu9,30,0,2,04月29日 21:07,来自papi酱的iPhone 6s Plus,你们有没有碰到过有一些情侣喜欢在你的朋友圈下面聊天的?你们把我当什么了?要聊天不会自己发微信聊天啊?!要不要我给你们拖个群啊?!朋友圈删掉!两个朋友也删掉!―papi酱,
http://m.weibo.com/2460997447/Dt2Yw0vRB,45,2,2,04月28日 13:32,来自papi酱的iPhone 6s Plus,#papi酱语录# 大姨妈老了都会离你而去，更何况男人？―papi酱,
http://m.weibo.com/2460997447/DsNsrnjIN,19,0,2,04月26日 22:01,来自papi酱的iPhone 6s Plus,一个人难过了不向人倾诉，喜欢把不开心的事憋在心里，这些长期聚积的负能量很容易让自己抑郁，最好的方式是多结交一些朋友，扩大自己的交际圈，培养一些兴趣爱好，有啥不开心的事情就找朋友倾诉，这样才能摆脱负面情绪的困扰，所以，如果你们有啥不开心的事儿，就来跟我说说吧，让我开心下。―papi酱,
http://m.weibo.com/2460997447/DsDfQtOV4,115,1,2,04月25日 20:03,来自papi酱的iPhone 6s Plus,胸不平何以平天下，人不穷怎么当网红？―papi酱,
http://m.weibo.com/2460997447/DsywCB7G9,77,0,2,04月25日 08:00,来自papi酱的iPhone 6s Plus,真正的猛士，就是敢于把自己脸p圆的人―papi酱,
http://m.weibo.com/2460997447/DsrprsmcO,30,1,2,04月24日 13:54,来自iPhone 6s Plus,我永远不够好，我也不完美，可这又有什么呢 ，这就是我，有时欢喜，有时伤感，有时奋进，有时懒散，有时坚强，有时脆弱，有时包容，有时不屑，但我一直走在更好的路上。----papi酱语录,
http://m.weibo.com/2460997447/EbQ9SBNsw,81,6,1,10月08日 08:23,来自pipa酱iPhone 6s Plus,上帝总是公平的，他给了你丑的外表，也一定会给你低的智商，以免让你显得不协调！,
http://m.weibo.com/2460997447/Ebx3z00nF,128,5,1,10月06日 07:45,来自pipa酱iPhone 6s Plus,自打放假以来，朋友音讯全无，我的心情就跟自己家的猪丢了一样！,
http://m.weibo.com/2460997447/DsDSpBgf1,31,1,1,04月25日 21:38,来自papi酱的iPhone 6s Plus,你们有没有那种公共场合喜欢互相喂饭的情侣朋友，喂饭算什么本事，有本事喂屎去―papi酱,
http://m.weibo.com/2460997447/DsCQyhEr7,104,5,1,04月25日 19:01,来自papi酱的iPhone 6s Plus,这是一个励志的故事：十年前她们发誓，一定要把有钱人踩在脚下；十年后，她们真的做到了―papi酱,
http://m.weibo.com/2460997447/Dsln2xpCN,38,1,1,04月23日 22:31,来自iPhone 6s Plus,有一种赶脚，就是走别人的路让别人无路可走，你本长得超凡脱俗，不可方物！为何还要走别人的小路，让别人走不下去，你这是为何 ？―papi酱,
http://m.weibo.com/2460997447/EfRj2DA9W,66,3,0,11月03日 18:40,来自pipa酱的iPhone 6s Plus,#聚美11.11送车# 1.关注我并转发微博，送出聚美11.11第一辆Mini“购物车”。对的，Mini轿车外加装满的化妆品[喵喵2.点链接领8888红包外加大量免费产品。欧哥直接清空你的购物车。微博粉丝点 http://t.cn/RVel8hL 领福利,
http://m.weibo.com/2460997447/DuKL1hXr6,51,1,0,05月09日 18:50,来自pipa酱的iPhone 6s Plus,别和往事过不去，因为它已经过去， 别和现实过不去，因为你还要过下去。实在过不下去！你就犯贱！找抽[笑cry―papi酱,
http://m.weibo.com/2460997447/DsWmkxGHV,36,0,0,04月27日 20:41,来自papi酱的iPhone 6s Plus,#papi酱语录#记者:papi酱，他们说你没有胸。 papi酱:没有胸，我还没有钱呢，滚！―papi酱,
http://m.weibo.com/2460997447/DsVYjfJta,30,3,0,04月27日 19:42,来自papi酱的iPhone 6s Plus,我多希望下次我和你提起她的时候 你声嘶力竭的对我喊 老子爱的是你 ―papi酱,
http://m.weibo.com/2460997447/DsCuD1EY7,43,1,0,04月25日 18:07,来自papi酱的iPhone 6s Plus,假期作业一个字都写不出来，放假期间没有一天在中午之前起床，凌晨3点前一定不会睡觉，实习什么的完全不感兴趣，但我知道我是好姑娘―papi酱,
http://m.weibo.com/2460997447/DszLop8fK,27,0,0,04月25日 11:10,来自papi酱的iPhone 6s Plus,这种渣男趁早分啊，难道留着过年么―papi酱,
http://m.weibo.com/2460997447/DsuikcV7f,30,2,0,04月24日 21:14,来自papi酱的iPhone 6s Plus,想要忘记一段感情，方法永远只有一个：时间和新欢。要是时间和新欢也不能让你忘记一段感情，原因只有一个：时间不够长，新欢不够好―papi酱,
http://m.weibo.com/2460997447/DskuWpsq6,23,1,0,04月23日 20:18,来自iPhone 6s Plus,缺什么秀什么，真正恩爱的从来不秀，比如说我，你见过我什么时候秀恩爱吗？―papi酱,